chord_name,version,frets,fingers
A_major,1,-1,0,2,2,2,0,0,0,1,2,3,0
A_major,2,-1,0,1,1,1,4,0,0,1,1,1,4
A_major,3,1,3,3,2,1,1,1,3,4,2,1,1
A_major,4,-1,0,1,3,4,3,0,0,1,2,4,3
A_major,5,-1,0,1,2,3,0,0,0,0,0,0,0
A_major,6,1,3,4,2,1,1,0,0,0,0,0,0
A_major,7,-1,4,3,1,2,1,0,0,0,0,0,0
A_major,8,0,3,-1,1,4,0,0,0,0,0,0,0
A_major,9,-1,1,4,-1,-1,2,0,0,0,0,0,0
A_major,10,-1,0,3,2,1,0,0,0,0,0,0,0
A_major,11,-1,-1,-1,1,3,2,0,0,0,0,0,0
A_major,12,-1,0,1,1,1,-1,0,0,0,0,0,0
A_major,13,-1,-1,-1,2,1,0,0,0,0,0,0,0
A_major,14,-1,0,3,2,1,1,0,0,0,0,0,0
A_major,15,-1,0,1,3,4,2,0,0,0,0,0,0
A_major,16,-1,3,1,1,1,-1,0,0,0,0,0,0
A_major,17,2,1,-1,-1,-1,-1,0,0,0,0,0,0
A_major,18,-1,1,3,3,3,1,0,0,0,0,0,0
A_major,19,-1,-1,3,1,2,-1,0,0,0,0,0,0
A_major,20,-1,3,4,2,1,1,0,0,0,0,0,0
A_major,21,-1,-1,3,2,1,-1,0,0,0,0,0,0
A_minor,1,-1,0,2,2,1,0,0,0,2,3,1,0
A_minor,2,-1,0,1,4,4,4,0,0,1,4,4,4
A_minor,3,1,3,3,1,1,1,1,3,4,1,1,1
A_minor,4,-1,0,1,3,4,2,0,0,1,3,4,2
A_minor,5,-1,0,2,3,1,0,0,0,0,0,0,0
A_minor,6,1,3,4,1,1,1,0,0,0,0,0,0
A_minor,7,-1,0,3,1,1,1,0,0,0,0,0,0
A_minor,8,-1,4,2,3,1,0,0,0,0,0,0,0
A_minor,9,-1,-1,3,1,1,1,0,0,0,0,0,0
A_minor,10,-1,-1,-1,2,1,0,0,0,0,0,0,0
A_minor,11,-1,3,4,1,1,1,0,0,0,0,0,0
A_minor,12,-1,-1,3,1,-1,-1,0,0,0,0,0,0
A_minor,13,-1,-1,-1,1,1,1,0,0,0,0,0,0
A_minor,14,-1,0,-1,2,1,0,0,0,0,0,0,0
A_minor,15,-1,0,-1,1,1,1,0,0,0,0,0,0
A_minor,16,-1,0,1,3,-1,2,0,0,0,0,0,0
A_minor,17,2,-1,1,4,-1,3,0,0,0,0,0,0
A_minor,18,-1,0,3,2,4,-1,0,0,0,0,0,0
A_minor,19,0,-1,-1,2,3,1,0,0,0,0,0,0
A_minor,20,1,-1,3,1,1,-1,0,0,0,0,0,0
A_minor,21,-1,0,1,4,4,-1,0,0,0,0,0,0
A_minor,22,-1,4,2,1,-1,-1,0,0,0,0,0,0
A_dim,1,-1,0,1,2,1,-1,0,0,1,3,2,0
A_dim,2,3,1,-1,2,1,-1,3,1,0,4,2,0
A_dim,3,-1,-1,1,2,-1,2,0,0,1,2,0,3
A_dim,4,-1,3,1,-1,1,2,0,4,1,0,2,3
A_dim,5,-1,0,1,2,3,-1,0,0,0,0,0,0
A_dim,6,-1,0,4,3,1,2,0,0,0,0,0,0
A_dim,7,-1,0,1,2,4,3,0,0,0,0,0,0
A_dim,8,-1,0,1,3,-1,-1,0,0,0,0,0,0
A_dim7,1,-1,0,1,2,1,2,0,0,1,3,2,4
A_dim7,2,2,-1,1,2,1,-1,2,0,1,3,1,0
A_dim7,3,1,2,3,1,3,1,1,2,3,1,4,1
A_dim7,4,-1,0,1,2,1,2,0,0,1,3,2,4
A_dim7,5,2,4,1,3,-1,-1,0,0,0,0,0,0
A_dim7,6,-1,2,3,1,4,-1,0,0,0,0,0,0
A_dim7,7,-1,-1,1,3,2,4,0,0,0,0,0,0
A_dim7,8,-1,0,1,3,2,4,0,0,0,0,0,0
A_dim7,9,-1,0,1,3,-1,-1,0,0,0,0,0,0
A_dim7,10,2,-1,1,3,1,-1,0,0,0,0,0,0
A_dim7,11,-1,-1,-1,2,1,3,0,0,0,0,0,0
A_dim7,12,-1,0,-1,2,1,3,0,0,0,0,0,0
A_dim7,13,-1,0,-1,-1,3,1,0,0,0,0,0,0
A_dim7,14,2,-1,1,3,-1,-1,0,0,0,0,0,0
A_dim7,15,-1,3,1,2,-1,-1,0,0,0,0,0,0
A_sus2,1,-1,0,2,2,0,0,0,0,2,3,0,0
A_sus2,2,-1,0,2,4,0,0,0,0,1,4,0,0
A_sus2,3,1,1,1,3,4,1,1,1,1,3,4,1
A_sus2,4,-1,0,1,1,0,0,0,0,1,2,0,0
A_sus2,5,-1,0,2,3,0,0,0,0,0,0,0,0
A_sus2,6,0,0,1,4,0,0,0,0,0,0,0,0
A_sus2,7,-1,0,1,3,4,1,0,0,0,0,0,0
A_sus2,8,-1,0,2,3,0,-1,0,0,0,0,0,0
A_sus4,1,-1,0,2,2,3,0,0,0,1,2,3,0
A_sus4,2,-1,0,0,-1,3,0,0,0,0,0,1,0
A_sus4,3,1,3,3,3,1,1,1,3,3,4,1,1
A_sus4,4,-1,1,1,3,4,4,0,1,1,2,3,4
A_sus4,5,-1,0,1,1,2,0,0,0,0,0,0,0
A_sus4,6,-1,0,3,4,1,1,0,0,0,0,0,0
A_sus4,7,-1,0,1,2,3,4,0,0,0,0,0,0
A_sus4,8,-1,0,1,1,2,-1,0,0,0,0,0,0
A_sus2sus4,1,-1,0,0,2,0,0,0,0,0,1,0,0
A_sus2sus4,2,1,1,3,3,1,3,1,1,2,3,1,4
A_sus2sus4,3,4,4,1,3,-1,-1,3,4,1,2,0,0
A_7sus4,1,-1,0,2,0,3,0,0,0,2,0,3,0
A_7sus4,2,1,3,1,3,1,1,1,3,1,4,1,1
A_7sus4,3,-1,0,1,3,2,4,0,0,1,3,2,4
A_7sus4,4,-1,3,3,3,1,1,0,2,3,4,1,1
A_7sus4,5,-1,0,1,0,3,0,0,0,0,0,0,0
A_7sus4,6,1,3,1,4,1,1,0,0,0,0,0,0
A_7sus4,7,-1,0,1,1,2,4,0,0,0,0,0,0
A_alt,1,-1,0,1,2,2,-1,0,0,1,2,3,0
A_alt,2,-1,0,4,3,1,2,0,0,4,3,1,2
A_alt,3,-1,0,4,1,3,2,0,0,4,1,3,2
A_alt,4,-1,1,2,3,3,-1,0,1,2,3,4,0
A_aug,1,-1,0,3,2,2,1,0,0,4,2,3,1
A_aug,2,4,3,2,1,1,-1,4,3,2,1,1,0
A_aug,3,1,-1,3,2,2,1,1,0,4,2,3,1
A_aug,4,-1,3,2,1,1,-1,0,3,2,1,1,0
A_aug,5,4,3,2,1,-1,-1,0,0,0,0,0,0
A_aug,6,-1,-1,4,2,3,1,0,0,0,0,0,0
A_aug,7,-1,0,4,2,3,1,0,0,0,0,0,0
A_5,1,1,3,-1,-1,-1,-1,1,3,0,0,0,0
A_5,2,-1,0,2,-1,-1,-1,0,0,1,0,0,0
A_5,3,1,3,3,-1,-1,-1,1,3,4,0,0,0
A_5,4,-1,1,1,-1,-1,-1,0,0,0,0,0,0
A_5,5,-1,0,1,1,-1,-1,0,0,0,0,0,0
A_5,6,-1,0,1,-1,-1,-1,0,0,0,0,0,0
A_5,7,-1,0,1,1,4,-1,0,0,0,0,0,0
A_5,8,4,-1,1,1,-1,-1,0,0,0,0,0,0
A_5,9,-1,1,3,-1,-1,-1,0,0,0,0,0,0
A_5,10,1,3,4,-1,-1,-1,0,0,0,0,0,0
A_5,11,-1,0,1,3,4,-1,0,0,0,0,0,0
A_5,12,-1,-1,1,3,-1,-1,0,0,0,0,0,0
A_5,13,-1,1,3,4,-1,-1,0,0,0,0,0,0
A_5,14,-1,-1,1,3,4,-1,0,0,0,0,0,0
A_5,15,-1,0,1,1,4,4,0,0,0,0,0,0
A_5,16,-1,-1,-1,1,4,-1,0,0,0,0,0,0
A_6,1,-1,0,2,2,2,2,0,0,1,1,1,1
A_6,2,2,-1,1,3,2,-1,2,0,1,4,3,0
A_6,3,1,3,-1,2,3,1,1,3,0,2,4,1
A_6,4,-1,3,2,2,1,-1,0,4,2,3,1,0
A_6,5,-1,0,1,1,1,1,0,0,0,0,0,0
A_6,6,1,-1,3,2,4,1,0,0,0,0,0,0
A_6,7,-1,0,2,3,1,0,0,0,0,0,0,0
A_6,8,-1,0,4,1,2,0,0,0,0,0,0,0
A_6,9,-1,-1,1,1,1,1,0,0,0,0,0,0
A_6,10,-1,1,-1,2,3,0,0,0,0,0,0,0
A_6,11,2,-1,1,4,3,-1,0,0,0,0,0,0
A_6,12,-1,0,3,-1,-1,-1,0,0,0,0,0,0
A_6,13,-1,-1,3,2,4,0,0,0,0,0,0,0
A_6,14,-1,-1,-1,1,1,1,0,0,0,0,0,0
A_6,15,-1,-1,3,2,4,1,0,0,0,0,0,0
A_6,16,-1,0,-1,2,4,1,0,0,0,0,0,0
A_6,17,1,4,-1,-1,-1,-1,0,0,0,0,0,0
A_6,18,0,0,1,1,1,1,0,0,0,0,0,0
A_6,19,-1,-1,-1,2,4,1,0,0,0,0,0,0
A_69,1,-1,0,4,4,2,2,0,0,3,4,1,1
A_69,2,2,1,1,1,2,2,2,1,1,1,3,4
A_69,3,-1,2,2,1,2,2,0,2,2,1,3,4
A_69,4,-1,2,1,1,2,2,0,2,1,1,3,4
A_69,5,-1,0,3,1,0,0,0,0,0,0,0,0
A_69,6,-1,0,1,1,3,4,0,0,0,0,0,0
A_69,7,-1,0,2,1,3,4,0,0,0,0,0,0
A_7,1,-1,0,2,0,2,0,0,0,2,0,3,0
A_7,2,-1,0,2,2,2,3,0,0,1,1,1,2
A_7,3,1,3,1,2,1,1,1,3,1,2,1,1
A_7,4,-1,0,1,3,2,3,0,0,1,3,2,4
A_7,5,-1,0,1,0,3,0,0,0,0,0,0,0
A_7,6,1,3,1,2,4,1,0,0,0,0,0,0
A_7,7,-1,3,2,4,1,0,0,0,0,0,0,0
A_7,8,-1,0,1,2,3,4,0,0,0,0,0,0
A_7,9,-1,0,2,0,3,4,0,0,0,0,0,0
A_7,10,2,1,4,0,-1,-1,0,0,0,0,0,0
A_7,11,-1,3,2,0,1,0,0,0,0,0,0,0
A_7,12,-1,0,2,0,-1,-1,0,0,0,0,0,0
A_7,13,-1,-1,-1,2,1,3,0,0,0,0,0,0
A_7,14,-1,0,1,3,2,0,0,0,0,0,0,0
A_7,15,-1,2,1,3,-1,-1,0,0,0,0,0,0
A_7,16,-1,0,-1,-1,1,3,0,0,0,0,0,0
A_7,17,1,-1,2,3,-1,-1,0,0,0,0,0,0
A_7,18,-1,0,-1,0,2,-1,0,0,0,0,0,0
A_7,19,-1,0,3,0,2,1,0,0,0,0,0,0
A_7,20,-1,2,-1,1,3,0,0,0,0,0,0,0
A_7,21,-1,0,2,0,3,1,0,0,0,0,0,0
A_7b5,1,-1,0,1,2,2,3,0,0,1,2,3,4
A_7b5,2,-1,0,2,3,1,2,0,0,2,4,1,3
A_7b5,3,-1,-1,1,2,2,3,0,0,1,2,3,4
A_7b5,4,-1,1,2,3,1,2,0,1,2,4,1,3
A_7b5,5,-1,0,1,0,2,-1,0,0,0,0,0,0
A_7b5,6,-1,0,2,4,1,3,0,0,0,0,0,0
A_7b5,7,-1,0,1,2,3,4,0,0,0,0,0,0
A_aug7,1,-1,0,3,0,2,1,0,0,3,0,2,1
A_aug7,2,-1,0,3,2,2,3,0,0,2,1,1,3
A_aug7,3,-1,0,1,2,2,1,0,0,1,2,3,1
A_aug7,4,-1,-1,1,4,2,3,0,0,1,4,2,3
A_aug7,5,1,-1,1,2,3,1,0,0,0,0,0,0
A_aug7,6,-1,1,2,1,1,-1,0,0,0,0,0,0
A_aug7,7,1,-1,2,3,4,-1,0,0,0,0,0,0
A_9,1,4,3,1,0,0,0,4,3,1,0,0,0
A_9,2,-1,0,2,4,2,3,0,0,1,3,1,2
A_9,3,1,3,1,2,1,3,1,3,1,2,1,4
A_9,4,-1,2,1,2,2,2,0,2,1,3,3,3
A_9,5,-1,0,1,3,1,2,0,0,0,0,0,0
A_9,6,-1,0,2,1,3,4,0,0,0,0,0,0
A_9,7,-1,0,1,2,1,3,0,0,0,0,0,0
A_9b5,1,-1,0,1,4,2,3,0,0,1,4,2,3
A_9b5,2,2,1,2,1,1,2,2,1,3,1,1,4
A_9b5,3,-1,0,2,1,1,2,0,0,2,1,1,3
A_9b5,4,-1,2,1,2,2,1,0,2,1,3,4,1
A_9b5,5,-1,0,1,0,0,-1,0,0,0,0,0,0
A_9b5,6,2,1,3,1,1,4,0,0,0,0,0,0
A_9b5,7,-1,0,1,2,3,1,0,0,0,0,0,0
A_aug9,1,-1,0,3,4,2,3,0,0,2,4,1,3
A_aug9,2,3,2,1,0,0,3,3,2,1,0,0,4
A_aug9,3,-1,0,1,2,2,3,0,0,1,2,3,4
A_aug9,4,-1,2,1,2,0,3,0,2,1,3,0,4
A_7b9,1,-1,0,2,3,2,3,0,0,1,2,1,3
A_7b9,2,1,3,1,2,1,2,1,4,1,2,1,3
A_7b9,3,-1,-1,2,1,3,1,0,0,2,1,3,1
A_7b9,4,-1,2,1,2,1,2,0,2,1,3,1,4
A_7b9,5,3,2,4,1,-1,-1,0,0,0,0,0,0
A_7b9,6,1,-1,1,2,1,3,0,0,0,0,0,0
A_7b9,7,-1,0,1,3,2,-1,0,0,0,0,0,0
A_7#9,1,1,3,1,2,4,4,1,3,1,2,4,4
A_7#9,2,-1,-1,2,1,3,3,0,0,2,1,3,4
A_7#9,3,-1,0,3,2,1,2,0,0,4,2,1,3
A_7#9,4,-1,2,1,2,3,-1,0,2,1,3,4,0
A_7#9,5,-1,0,1,4,1,2,0,0,0,0,0,0
A_7#9,6,-1,0,1,2,1,4,0,0,0,0,0,0
A_7#9,7,-1,2,1,3,4,0,0,0,0,0,0,0
A_7#9,8,-1,0,2,1,4,4,0,0,0,0,0,0
A_7#9,9,-1,2,3,1,4,4,0,0,0,0,0,0
A_7#9,10,-1,2,1,3,4,-1,0,0,0,0,0,0
A_7#9,11,-1,-1,2,1,3,4,0,0,0,0,0,0
A_7#9,12,-1,-1,1,2,1,4,0,0,0,0,0,0
A_7#9,13,2,1,3,3,-1,-1,0,0,0,0,0,0
A_11,1,-1,0,0,0,2,0,0,0,0,0,2,0
A_11,2,3,2,0,0,0,1,3,2,0,0,0,1
A_11,3,1,1,1,2,1,1,1,1,1,2,1,1
A_11,4,1,1,1,1,2,3,1,1,1,1,2,3
A_11,5,-1,0,0,0,0,0,0,0,0,0,0,0
A_11,6,-1,0,3,2,1,1,0,0,0,0,0,0
A_11,7,-1,0,1,1,2,1,0,0,0,0,0,0
A_9#11,1,-1,0,1,0,2,0,0,0,1,0,3,0
A_9#11,2,2,1,2,1,1,2,2,1,3,1,1,4
A_9#11,3,-1,-1,1,2,2,3,0,0,1,2,3,4
A_9#11,4,-1,2,1,2,2,1,0,2,1,3,4,1
A_9#11,5,2,-1,3,1,1,-1,0,0,0,0,0,0
A_9#11,6,2,-1,3,4,1,-1,0,0,0,0,0,0
A_13,1,-1,0,2,0,2,2,0,0,1,0,2,3
A_13,2,3,2,2,0,1,0,4,2,3,0,1,0
A_13,3,1,3,1,2,3,1,1,3,1,2,4,1
A_13,4,-1,2,1,2,4,4,0,2,1,3,4,4
A_13,5,-1,0,4,3,1,1,0,0,0,0,0,0
A_13,6,1,-1,1,2,3,4,0,0,0,0,0,0
A_13,7,-1,0,1,2,3,4,0,0,0,0,0,0
A_13,8,-1,0,1,2,3,1,0,0,0,0,0,0
A_13,9,1,3,1,2,4,1,0,0,0,0,0,0
A_13,10,1,-1,2,3,4,-1,0,0,0,0,0,0
A_13,11,1,-1,3,2,4,-1,0,0,0,0,0,0
A_13,12,-1,1,3,4,2,-1,0,0,0,0,0,0
A_13,13,-1,2,1,3,3,4,0,0,0,0,0,0
A_13,14,-1,-1,2,1,3,3,0,0,0,0,0,0
A_13,15,-1,-1,1,2,3,1,0,0,0,0,0,0
A_13,16,-1,-1,1,2,3,3,0,0,0,0,0,0
A_13,17,-1,1,2,2,4,3,0,0,0,0,0,0
A_13,18,-1,-1,1,2,3,4,0,0,0,0,0,0
A_13,19,-1,-1,1,2,4,3,0,0,0,0,0,0
A_maj7,1,-1,0,2,1,2,0,0,0,2,1,3,0
A_maj7,2,-1,0,2,2,2,4,0,0,1,1,1,4
A_maj7,3,1,3,2,2,1,1,1,4,2,3,1,1
A_maj7,4,-1,0,1,3,3,3,0,0,1,3,3,3
A_maj7,5,-1,0,2,1,3,0,0,0,0,0,0,0
A_maj7,6,-1,0,4,3,2,1,0,0,0,0,0,0
A_maj7,7,-1,4,3,1,1,1,0,0,0,0,0,0
A_maj7,8,1,-1,3,4,2,-1,0,0,0,0,0,0
A_maj7,9,-1,3,4,1,2,0,0,0,0,0,0,0
A_maj7,10,-1,-1,-1,1,1,3,0,0,0,0,0,0
A_maj7b5,1,-1,0,1,1,2,4,0,0,1,1,2,4
A_maj7b5,2,-1,0,1,2,2,4,0,0,1,2,2,4
A_maj7b5,3,1,2,2,2,-1,-1,1,2,3,4,0,0
A_maj7b5,4,-1,0,1,2,3,3,0,0,1,2,3,4
A_maj7#5,1,-1,0,3,1,2,1,0,0,3,1,2,1
A_maj7#5,2,-1,0,3,2,2,4,0,0,2,1,1,3
A_maj7#5,3,-1,0,2,2,2,1,0,0,2,3,4,1
A_maj7#5,4,1,4,3,2,1,1,0,4,3,2,1,1
A_maj9,1,-1,0,2,4,2,4,0,0,1,3,1,4
A_maj9,2,2,1,3,1,2,0,2,1,4,1,3,0
A_maj9,3,-1,0,2,2,1,3,0,0,2,3,1,4
A_maj9,4,2,2,1,3,2,-1,2,2,1,4,3,0
A_maj9,5,-1,0,2,1,0,0,0,0,0,0,0,0
A_maj9,6,2,1,4,1,3,-1,0,0,0,0,0,0
A_maj9,7,-1,2,1,4,3,0,0,0,0,0,0,0
A_maj9,8,-1,0,1,3,1,4,0,0,0,0,0,0
A_maj11,1,-1,0,0,1,2,0,0,0,0,1,2,0
A_maj11,2,-1,0,0,2,2,4,0,0,0,1,1,4
A_maj11,3,1,1,2,2,1,3,1,1,2,3,1,4
A_maj11,4,2,0,1,1,1,1,2,0,1,1,1,1
A_maj13,1,-1,0,2,1,2,2,0,0,2,1,3,4
A_maj13,2,2,1,1,1,2,1,2,1,1,1,3,1
A_maj13,3,-1,0,1,1,2,2,0,0,1,1,3,4
A_maj13,4,-1,4,3,3,1,1,0,4,2,3,1,1
A_maj13,5,1,-1,2,3,4,-1,0,0,0,0,0,0
A_maj13,6,-1,0,4,1,3,0,0,0,0,0,0,0
A_m6,1,-1,0,2,2,1,2,0,0,2,3,1,4
A_m6,2,2,-1,1,2,2,2,2,0,1,3,3,4
A_m6,3,1,3,3,1,3,1,1,2,3,1,4,1
A_m6,4,-1,1,1,3,1,2,0,1,1,3,1,2
A_m6,5,-1,0,2,3,1,4,0,0,0,0,0,0
A_m6,6,1,-1,3,1,4,1,0,0,0,0,0,0
A_m6,7,-1,0,1,3,2,0,0,0,0,0,0,0
A_m6,8,2,-1,1,3,3,3,0,0,0,0,0,0
A_m7,1,-1,0,2,0,1,0,0,0,2,0,1,0
A_m7,2,-1,0,2,2,1,3,0,0,2,3,1,4
A_m7,3,1,3,1,1,1,1,1,3,1,1,1,1
A_m7,4,-1,1,1,3,2,2,0,1,1,4,2,3
A_m7,5,1,3,1,1,4,1,0,0,0,0,0,0
A_m7,6,-1,0,1,4,2,3,0,0,0,0,0,0
A_m7,7,-1,0,2,3,1,4,0,0,0,0,0,0
A_m7,8,2,-1,3,3,-1,-1,0,0,0,0,0,0
A_m7,9,2,-1,3,3,3,-1,0,0,0,0,0,0
A_m7,10,-1,0,2,0,1,4,0,0,0,0,0,0
A_m7,11,-1,2,1,3,4,-1,0,0,0,0,0,0
A_m7,12,-1,2,1,3,-1,-1,0,0,0,0,0,0
A_m7,13,-1,0,-1,0,1,-1,0,0,0,0,0,0
A_m7,14,-1,0,2,0,1,-1,0,0,0,0,0,0
A_m7,15,-1,0,1,1,1,1,0,0,0,0,0,0
A_m7,16,-1,1,-1,-1,2,4,0,0,0,0,0,0
A_m7,17,3,-1,2,0,1,0,0,0,0,0,0,0
A_m7,18,-1,0,3,3,-1,-1,0,0,0,0,0,0
A_m7,19,2,-1,1,3,2,-1,0,0,0,0,0,0
A_m7,20,-1,1,3,3,3,3,0,0,0,0,0,0
A_m7,21,-1,-1,2,3,1,4,0,0,0,0,0,0
A_m7,22,4,-1,2,3,1,0,0,0,0,0,0,0
A_m7b5,1,-1,0,1,0,1,-1,0,0,2,0,3,0
A_m7b5,2,2,-1,2,2,1,-1,2,0,3,4,1,0
A_m7b5,3,1,2,3,1,4,1,1,2,3,1,4,1
A_m7b5,4,-1,-1,1,2,2,2,0,0,1,2,2,2
A_m7b5,5,2,-1,3,4,1,-1,0,0,0,0,0,0
A_m9,1,-1,0,2,4,1,3,0,0,2,4,1,3
A_m9,2,1,3,1,1,1,3,1,3,1,1,1,4
A_m9,3,1,0,2,0,1,0,1,0,3,0,2,0
A_m9,4,-1,3,1,3,3,3,0,2,1,3,4,4
A_m9,5,-1,0,1,1,1,3,0,0,0,0,0,0
A_m9,6,-1,2,1,3,4,0,0,0,0,0,0,0
A_m9,7,-1,-1,2,1,4,3,0,0,0,0,0,0
A_m9,8,-1,2,1,3,4,-1,0,0,0,0,0,0
A_m9,9,-1,0,3,4,0,0,0,0,0,0,0,0
A_m9,10,-1,0,2,0,0,0,0,0,0,0,0,0
A_m9,11,4,2,1,0,0,-1,0,0,0,0,0,0
A_m9,12,-1,0,1,1,4,3,0,0,0,0,0,0
A_m9,13,1,3,1,1,1,4,0,0,0,0,0,0
A_m69,1,-1,0,1,2,0,0,0,0,2,4,0,0
A_m69,2,1,3,3,1,3,3,1,2,2,1,3,4
A_m69,3,2,0,1,3,1,1,2,0,1,3,1,1
A_m69,4,-1,3,1,2,3,3,0,3,1,2,4,4
A_m11,1,-1,0,0,0,1,0,0,0,0,0,1,0
A_m11,2,3,1,3,2,1,1,3,1,4,2,1,1
A_m11,3,1,1,1,1,1,3,1,1,1,1,1,4
A_m11,4,-1,3,1,3,3,1,0,2,1,3,4,1
A_m11,5,2,-1,3,4,1,-1,0,0,0,0,0,0
A_m11,6,-1,0,0,3,0,1,0,0,0,0,0,0
A_m11,7,1,3,0,0,0,0,0,0,0,0,0,0
A_m11,8,-1,0,2,3,1,-1,0,0,0,0,0,0
A_m11,9,-1,0,3,2,1,4,0,0,0,0,0,0
A_m11,10,2,-1,3,4,1,0,0,0,0,0,0,0
A_m11,11,-1,0,4,2,1,1,0,0,0,0,0,0
A_m11,12,-1,0,3,4,0,1,0,0,0,0,0,0
A_m11,13,-1,0,4,2,1,0,0,0,0,0,0,0
A_mmaj7,1,-1,0,2,1,1,0,0,0,3,1,2,0
A_mmaj7,2,1,3,2,1,1,1,1,3,2,1,1,1
A_mmaj7,3,-1,1,1,3,3,2,0,1,1,3,4,2
A_mmaj7,4,-1,4,2,1,1,-1,0,4,2,1,1,0
A_mmaj7b5,1,-1,0,1,1,1,4,0,0,1,1,1,4
A_mmaj7b5,2,1,2,2,1,-1,1,1,2,3,1,0,1
A_mmaj7b5,3,-1,-1,1,2,3,2,0,0,1,2,4,3
A_mmaj7b5,4,1,2,3,3,3,-1,1,2,3,3,3,0
A_mmaj9,1,3,1,4,2,0,0,3,1,4,2,0,0
A_mmaj9,2,-1,0,3,2,0,1,0,0,3,2,0,1
A_mmaj9,3,1,3,2,1,1,3,1,3,2,1,1,4
A_mmaj9,4,-1,0,2,2,2,1,0,0,2,3,4,1
A_mmaj11,1,-1,0,0,1,1,0,0,0,0,1,2,0
A_mmaj11,2,1,1,2,1,1,3,1,1,2,1,1,4
A_mmaj11,3,-1,0,1,1,3,2,0,0,1,1,3,2
A_mmaj11,4,-1,3,1,4,3,1,0,2,1,4,3,1
A_add9,1,-1,0,2,4,2,0,0,0,1,3,2,0
A_add9,2,-1,-1,3,2,1,3,0,0,3,2,1,4
A_add9,3,-1,4,3,1,4,1,0,3,2,1,4,1
A_add9,4,-1,2,1,-1,2,2,0,2,1,0,3,4
A_add9,5,-1,0,2,1,0,0,0,0,0,0,0,0
A_add9,6,-1,0,1,4,2,0,0,0,0,0,0,0
A_add9,7,1,3,4,2,0,0,0,0,0,0,0,0
A_add9,8,-1,-1,3,2,1,4,0,0,0,0,0,0
A_add9,9,0,3,4,2,0,0,0,0,0,0,0,0
A_add9,10,-1,2,3,1,0,0,0,0,0,0,0,0
A_madd9,1,-1,0,2,4,1,0,0,0,2,4,1,0
A_madd9,2,-1,-1,3,1,1,3,0,0,3,1,1,4
A_madd9,3,-1,-1,1,3,0,2,0,0,1,3,0,2
A_madd9,4,-1,4,2,1,4,-1,0,3,2,1,4,0
A_/C#,1,-1,3,1,1,4,4,0,3,1,1,4,4
A_/C#,2,-1,3,1,1,1,4,0,3,1,1,1,4
A_/C#,3,-1,1,4,3,2,2,0,1,4,3,2,2
A_/E,1,0,0,2,2,2,0,0,0,1,2,3,0
A_/E,2,-1,3,3,2,1,1,0,3,4,2,1,1
A_/E,3,-1,-1,1,1,1,4,0,0,1,1,1,4
A_/F,1,1,0,2,2,2,0,1,0,2,3,4,0
A_/F,2,-1,-1,3,2,2,0,0,0,3,1,2,0
A_/F,3,1,4,2,2,2,-1,1,4,2,2,2,0
A_/F#,1,2,0,2,2,2,0,1,0,2,3,4,0
A_/F#,2,1,3,1,1,4,4,1,3,1,1,4,4
A_/F#,3,1,3,1,1,1,4,1,3,1,1,1,4
A_/G,1,3,0,2,2,2,0,4,0,1,2,3,0
A_/G,2,-1,-1,1,2,1,1,0,0,1,2,1,1
A_/G,3,2,3,1,1,4,4,2,3,1,1,4,4
A_/G#,1,3,3,1,1,4,4,2,3,1,1,4,4
A_/G#,2,3,3,1,1,1,4,2,3,1,1,1,4
A_/G#,3,-1,-1,2,2,1,1,0,0,2,3,1,1
A_m/C,1,-1,3,2,2,1,0,0,4,2,3,1,0
A_m/C,2,-1,2,1,4,4,4,0,2,1,4,4,4
A_m/C,3,-1,2,1,1,4,4,0,2,1,1,4,4
A_m/E,1,0,0,2,2,1,0,0,0,2,3,1,0
A_m/E,2,0,3,2,2,1,0,0,4,2,3,1,0
A_m/E,3,-1,3,3,1,1,1,0,3,4,1,1,1
A_m/F,1,1,0,2,2,1,0,1,0,3,4,2,0
A_m/F,2,-1,-1,3,2,1,0,0,0,3,2,1,0
A_m/F,3,1,3,2,2,1,-1,1,4,2,3,1,0
A_m/F#,1,2,0,2,2,1,0,2,0,3,4,1,0
A_m/F#,2,-1,-1,1,2,2,2,0,0,1,2,3,4
A_m/F#,3,1,2,1,4,4,4,1,2,1,4,4,4
A_m/G,1,-1,-1,1,1,1,1,0,0,1,1,1,1
A_m/G,2,3,0,2,2,1,0,4,0,2,3,1,0
A_m/G,3,2,2,1,4,4,4,2,3,1,4,4,4
A_m/G#,1,3,2,1,4,4,4,3,2,1,4,4,4
A_m/G#,2,3,2,1,1,4,4,3,2,1,1,4,4
Ab_major,1,4,3,1,1,1,-1,3,2,1,1,1,0
Ab_major,2,1,3,3,2,1,1,1,3,4,2,1,1
Ab_major,3,-1,1,1,3,4,3,0,1,1,2,4,3
Ab_major,4,1,4,3,1,2,1,1,4,3,1,2,1
Ab_minor,1,1,3,3,1,1,1,1,3,4,1,1,1
Ab_minor,2,-1,-1,1,3,4,2,0,0,1,3,4,2
Ab_minor,3,-1,-1,3,2,3,1,0,0,3,2,4,1
Ab_minor,4,1,1,3,3,2,1,1,1,3,4,2,1
Ab_dim,1,4,2,-1,4,3,-1,3,1,0,4,2,0
Ab_dim,2,-1,-1,1,2,-1,2,0,0,1,2,0,3
Ab_dim,3,-1,3,1,-1,1,2,0,4,1,0,2,3
Ab_dim,4,-1,1,2,3,2,-1,0,1,2,4,3,0
Ab_dim7,1,-1,-1,0,1,0,1,0,0,0,1,0,2
Ab_dim7,2,4,-1,3,4,3,4,2,0,1,3,1,4
Ab_dim7,3,-1,-1,1,2,1,2,0,0,1,3,2,4
Ab_dim7,4,1,2,3,1,3,1,1,2,3,1,4,1
Ab_sus2,1,4,-1,-1,3,4,4,2,0,0,1,3,4
Ab_sus2,2,1,3,3,-1,1,3,1,2,3,0,1,4
Ab_sus2,3,1,1,1,3,4,1,1,1,1,3,4,1
Ab_sus2,4,1,1,3,3,1,1,1,1,3,4,1,1
Ab_sus4,1,-1,-1,1,1,2,4,0,0,1,1,2,4
Ab_sus4,2,1,3,3,3,1,1,1,2,3,4,1,1
Ab_sus4,3,-1,1,1,3,4,4,0,1,1,2,3,4
Ab_sus4,4,1,1,3,3,4,1,1,1,2,3,4,1
Ab_7sus4,1,-1,-1,1,1,2,2,0,0,1,1,2,2
Ab_7sus4,2,1,3,1,3,1,1,1,3,1,4,1,1
Ab_7sus4,3,-1,3,3,3,1,1,0,2,3,4,1,1
Ab_7sus4,4,1,1,3,1,4,1,1,1,3,1,4,1
Ab_alt,1,-1,-1,4,3,1,2,0,0,4,3,1,2
Ab_alt,2,-1,-1,1,2,4,3,0,0,1,2,4,3
Ab_alt,3,-1,2,1,4,4,1,0,2,1,4,4,1
Ab_alt,4,-1,1,2,3,3,-1,0,1,2,3,4,0
Ab_aug,1,4,3,2,1,1,-1,4,3,2,1,1,0
Ab_aug,2,1,-1,3,2,2,-1,1,0,4,2,3,0
Ab_aug,3,-1,-1,2,1,1,-1,0,0,2,1,1,0
Ab_aug,4,-1,3,2,1,1,-1,0,3,2,1,1,0
Ab_5,1,1,3,-1,-1,-1,-1,1,3,0,0,0,0
Ab_5,2,-1,1,3,-1,-1,-1,0,1,3,0,0,0
Ab_5,3,1,3,3,-1,-1,-1,1,3,4,0,0,0
Ab_6,1,-1,3,1,1,1,1,0,3,1,1,1,1
Ab_6,2,2,-1,1,3,2,-1,2,0,1,4,3,0
Ab_6,3,-1,1,1,3,1,3,0,1,1,3,1,4
Ab_6,4,-1,3,2,2,1,-1,0,4,2,3,1,0
Ab_69,1,-1,1,1,1,1,1,0,1,1,1,1,1
Ab_69,2,4,3,3,3,4,4,2,1,1,1,3,4
Ab_69,3,-1,-1,2,1,2,2,0,0,2,1,3,4
Ab_69,4,-1,2,1,1,2,2,0,2,1,1,3,4
Ab_7,1,-1,-1,1,1,1,2,0,0,1,1,1,2
Ab_7,2,1,3,1,2,1,1,1,3,1,2,1,1
Ab_7,3,-1,1,1,3,2,3,0,1,1,3,2,4
Ab_7,4,1,1,3,1,3,1,1,1,3,1,4,1
Ab_7b5,1,2,-1,2,3,1,-1,2,0,3,4,1,0
Ab_7b5,2,-1,-1,1,2,2,3,0,0,1,2,3,4
Ab_7b5,3,-1,1,2,3,1,2,0,1,2,4,1,3
Ab_7b5,4,-1,1,2,1,3,-1,0,1,2,1,3,0
Ab_aug7,1,1,-1,1,2,2,0,1,0,2,3,4,0
Ab_aug7,2,-1,-1,1,4,2,3,0,0,1,4,2,3
Ab_aug7,3,-1,3,2,3,1,0,0,3,2,4,1,0
Ab_aug7,4,-1,1,4,1,3,2,0,1,4,1,3,2
Ab_9,1,4,3,4,3,4,-1,2,1,3,1,4,0
Ab_9,2,1,3,1,2,1,3,1,3,1,2,1,4
Ab_9,3,-1,-1,2,1,3,2,0,0,2,1,4,3
Ab_9,4,2,2,1,2,2,2,2,2,1,3,3,4
Ab_9b5,1,4,3,0,3,-1,2,4,2,0,3,0,1
Ab_9b5,2,4,3,4,3,3,4,2,1,3,1,1,4
Ab_9b5,3,1,2,1,2,-1,3,1,2,1,3,0,4
Ab_9b5,4,-1,2,1,2,2,1,0,2,1,3,4,1
Ab_aug9,1,2,1,2,1,1,2,2,1,3,1,1,4
Ab_aug9,2,2,1,2,1,3,0,2,1,3,1,4,0
Ab_aug9,3,-1,-1,1,2,2,3,0,0,1,2,3,4
Ab_aug9,4,-1,2,1,2,2,0,0,2,1,3,4,0
Ab_7b9,1,-1,0,1,1,1,2,0,0,1,1,1,2
Ab_7b9,2,-1,-1,1,2,1,2,1,0,1,2,1,3
Ab_7b9,3,-1,-1,2,1,3,1,0,0,2,1,3,1
Ab_7b9,4,-1,2,1,2,1,2,0,2,1,3,1,4
Ab_7#9,1,4,3,4,4,4,4,2,1,3,3,3,4
Ab_7#9,2,1,3,1,2,4,4,1,3,1,2,4,4
Ab_7#9,3,-1,-1,2,1,3,3,0,0,3,1,4,4
Ab_7#9,4,-1,2,1,2,3,-1,0,2,1,3,4,0
Ab_11,1,1,1,1,2,1,1,1,1,1,2,1,1
Ab_11,2,1,1,1,1,2,3,1,1,1,1,2,3
Ab_11,3,-1,3,2,3,1,1,0,3,2,4,1,1
Ab_11,4,-1,1,1,1,3,1,0,1,1,1,3,1
Ab_9#11,1,2,-1,2,3,1,-1,2,0,3,4,1,0
Ab_9#11,2,-1,-1,1,2,2,3,0,0,1,2,3,4
Ab_9#11,3,-1,2,1,2,2,1,0,2,1,3,4,1
Ab_9#11,4,-1,1,2,1,3,1,0,1,2,1,3,1
Ab_13,1,4,1,3,1,1,2,4,1,3,1,1,2
Ab_13,2,1,3,1,2,3,1,1,3,1,2,4,1
Ab_13,3,1,1,1,2,3,3,1,1,1,2,3,4
Ab_13,4,-1,2,1,2,4,4,0,2,1,3,4,4
Ab_maj7,1,1,3,2,2,1,1,1,4,2,3,1,1
Ab_maj7,2,-1,1,1,3,3,3,0,1,1,3,3,3
Ab_maj7,3,-1,3,2,4,1,-1,0,3,2,4,1,0
Ab_maj7,4,1,1,3,2,3,1,1,1,3,2,4,1
Ab_maj7b5,1,2,1,3,3,1,1,2,1,3,4,1,1
Ab_maj7b5,2,1,2,2,2,-1,-1,1,2,3,4,0,0
Ab_maj7b5,3,0,0,1,2,3,3,0,0,1,2,3,4
Ab_maj7b5,4,-1,1,2,2,3,-1,0,1,2,2,4,0
Ab_maj7#5,1,4,3,2,0,1,0,4,3,2,0,1,0
Ab_maj7#5,2,2,1,3,0,3,0,2,1,3,0,4,0
Ab_maj7#5,3,1,4,3,2,1,1,1,4,3,2,1,1
Ab_maj7#5,4,-1,1,4,2,3,-1,0,1,4,2,3,0
Ab_maj9,1,-1,1,1,1,1,3,0,1,1,1,1,4
Ab_maj9,2,2,1,3,1,2,1,2,1,4,1,3,1
Ab_maj9,3,1,3,2,2,1,3,1,3,2,2,1,4
Ab_maj9,4,2,2,1,3,2,-1,2,2,1,4,3,0
Ab_maj11,1,4,3,1,0,2,-1,4,3,1,0,2,0
Ab_maj11,2,1,1,2,2,1,1,1,1,2,3,1,1
Ab_maj11,3,-1,-1,1,1,3,3,0,0,1,1,3,4
Ab_maj11,4,1,1,1,2,3,1,1,1,1,2,3,1
Ab_maj13,1,4,3,3,3,4,3,2,1,1,1,3,1
Ab_maj13,2,1,1,2,2,3,1,1,1,2,3,4,1
Ab_maj13,3,-1,4,3,3,1,1,0,4,2,3,1,1
Ab_maj13,4,-1,1,1,2,3,3,0,1,1,2,3,4
Ab_m6,1,4,-1,3,4,4,-1,2,0,1,3,4,0
Ab_m6,2,1,3,3,1,3,1,1,2,3,1,4,1
Ab_m6,3,-1,1,1,3,1,2,0,1,1,3,1,2
Ab_m6,4,-1,3,1,2,1,3,0,3,1,2,1,4
Ab_m7,1,1,3,1,1,1,1,1,3,1,1,1,1
Ab_m7,2,-1,1,1,3,2,2,0,1,1,4,2,3
Ab_m7,3,-1,3,1,3,1,-1,0,2,1,3,1,0
Ab_m7,4,1,1,3,1,2,1,1,1,3,1,2,1
Ab_m7b5,1,-1,-1,0,1,0,2,0,0,0,1,0,3
Ab_m7b5,2,4,-1,4,4,3,-1,2,0,3,4,1,0
Ab_m7b5,3,-1,-1,1,2,2,2,0,0,1,2,2,2
Ab_m7b5,4,-1,1,2,1,2,-1,0,1,3,2,4,0
Ab_m9,1,4,1,1,1,0,2,4,1,1,2,0,3
Ab_m9,2,1,3,1,1,1,3,1,3,1,1,1,4
Ab_m9,3,1,3,2,2,3,1,1,3,2,2,4,1
Ab_m9,4,-1,3,1,3,3,3,0,2,1,3,4,4
Ab_m69,1,2,-1,1,2,2,4,2,0,1,3,3,4
Ab_m69,2,1,3,3,1,3,3,1,2,2,1,3,4
Ab_m69,3,2,1,1,3,1,1,2,1,1,3,1,1
Ab_m69,4,-1,3,1,2,3,3,0,3,1,2,4,4
Ab_m11,1,4,2,4,3,2,2,3,1,4,2,1,1
Ab_m11,2,1,1,1,1,1,3,1,1,1,1,1,4
Ab_m11,3,-1,-1,1,1,2,2,0,0,1,1,2,3
Ab_m11,4,-1,3,1,3,3,1,0,3,1,3,4,1
Ab_mmaj7,1,-1,2,1,1,4,3,0,2,1,1,4,3
Ab_mmaj7,2,1,3,2,1,1,1,1,3,2,1,1,1
Ab_mmaj7,3,-1,1,1,3,3,2,0,1,1,3,4,2
Ab_mmaj7,4,-1,1,3,2,2,1,0,1,4,2,3,1
Ab_mmaj7b5,1,1,2,2,1,-1,1,1,2,3,1,0,1
Ab_mmaj7b5,2,-1,-1,1,2,3,2,0,0,1,2,4,3
Ab_mmaj7b5,3,1,2,3,3,3,-1,1,2,3,3,3,0
Ab_mmaj7b5,4,-1,1,2,2,2,-1,0,1,2,3,4,0
Ab_mmaj9,1,2,-1,3,1,0,2,2,0,4,1,0,3
Ab_mmaj9,2,1,3,2,1,1,3,1,3,2,1,1,4
Ab_mmaj9,3,1,1,1,3,3,2,1,1,1,3,4,2
Ab_mmaj9,4,-1,3,1,4,3,-1,0,2,1,4,3,0
Ab_mmaj11,1,1,1,2,1,1,3,1,1,2,1,1,4
Ab_mmaj11,2,-1,1,1,1,3,2,0,1,1,1,3,2
Ab_mmaj11,3,-1,3,1,4,3,1,0,2,1,4,3,1
Ab_mmaj11,4,1,1,1,2,2,1,1,1,1,2,3,1
Ab_add9,1,4,3,-1,3,4,-1,3,1,0,2,4,0
Ab_add9,2,-1,-1,3,2,1,3,0,0,3,2,1,4
Ab_add9,3,-1,4,3,1,4,1,0,3,2,1,4,1
Ab_add9,4,-1,2,1,-1,2,2,0,2,1,0,3,4
Ab_madd9,1,4,2,-1,3,4,-1,3,1,0,2,4,0
Ab_madd9,2,-1,-1,3,1,1,3,0,0,3,1,1,4
Ab_madd9,3,1,3,3,1,1,3,1,2,3,1,1,4
Ab_madd9,4,-1,4,2,1,4,-1,0,3,2,1,4,0
Asharp_13,1,-1,1,0,2,3,4,0,0,0,0,0,0
Asharp_13,2,4,-1,3,2,1,1,0,0,0,0,0,0
Asharp_13,3,1,-1,1,2,3,4,0,0,0,0,0,0
Asharp_7#9,1,-1,1,0,2,4,3,0,0,0,0,0,0
Asharp_7#9,2,2,1,3,3,3,-1,0,0,0,0,0,0
Asharp_7#9,3,1,3,1,2,1,4,0,0,0,0,0,0
Asharp_9,1,-1,2,0,3,4,-1,0,0,0,0,0,0
Asharp_9,2,-1,1,3,2,4,-1,0,0,0,0,0,0
Asharp_9,3,1,-1,1,2,1,4,0,0,0,0,0,0
Asharp_9b5,1,0,1,0,2,3,0,0,0,0,0,0,0
Asharp_9b5,2,2,1,3,1,1,4,0,0,0,0,0,0
Asharp_9b5,3,-1,-1,1,2,3,1,0,0,0,0,0,0
Asharp_7,1,-1,1,3,1,4,1,0,0,0,0,0,0
Asharp_7,2,1,3,1,2,4,1,0,0,0,0,0,0
Asharp_7,3,-1,-1,1,3,2,4,0,0,0,0,0,0
Asharp_dim7,1,2,4,1,3,-1,-1,0,0,0,0,0,0
Asharp_dim7,2,-1,2,3,1,4,-1,0,0,0,0,0,0
Asharp_dim7,3,-1,-1,1,3,2,4,0,0,0,0,0,0
Asharp_dim7,4,-1,1,2,0,3,-1,0,0,0,0,0,0
Asharp_dim7,5,2,-1,1,3,-1,-1,0,0,0,0,0,0
Asharp_dim7,6,3,-1,1,4,2,-1,0,0,0,0,0,0
Asharp_aug,1,-1,3,2,1,1,-1,0,0,0,0,0,0
Asharp_aug,2,4,3,2,1,-1,-1,0,0,0,0,0,0
Asharp_aug,3,-1,-1,4,2,3,1,0,0,0,0,0,0
Asharp_major,1,-1,1,3,3,3,-1,0,0,0,0,0,0
Asharp_major,2,1,3,4,2,1,1,0,0,0,0,0,0
Asharp_major,3,-1,4,3,1,2,1,0,0,0,0,0,0
Asharp_11,1,-1,1,1,1,1,1,0,0,0,0,0,0
Asharp_11,2,3,-1,4,2,1,1,0,0,0,0,0,0
Asharp_11,3,-1,-1,1,1,2,1,0,0,0,0,0,0
Asharp_maj9,1,-1,1,0,4,2,3,0,0,0,0,0,0
Asharp_maj9,2,2,1,4,1,-1,-1,0,0,0,0,0,0
Asharp_maj9,3,-1,-1,4,1,2,1,0,0,0,0,0,0
Asharp_minor,1,-1,1,3,4,2,1,0,0,0,0,0,0
Asharp_minor,2,1,3,4,1,1,1,0,0,0,0,0,0
Asharp_minor,3,-1,-1,1,3,4,2,0,0,0,0,0,0
Asharp_minor,4,-1,-1,3,1,1,-1,0,0,0,0,0,0
Asharp_7b5,1,-1,1,2,1,3,-1,0,0,0,0,0,0
Asharp_7b5,2,-1,-1,2,4,1,3,0,0,0,0,0,0
Asharp_7b5,3,-1,-1,1,2,3,4,0,0,0,0,0,0
Asharp_m7,1,-1,1,3,1,2,1,0,0,0,0,0,0
Asharp_m7,2,1,3,1,1,4,1,0,0,0,0,0,0
Asharp_m7,3,-1,-1,1,4,2,3,0,0,0,0,0,0
Asharp_dim,1,-1,1,2,3,4,-1,0,0,0,0,0,0
Asharp_dim,2,-1,-1,4,3,1,2,0,0,0,0,0,0
Asharp_dim,3,1,2,3,1,-1,-1,0,0,0,0,0,0
Asharp_6,1,-1,1,3,3,3,3,0,0,0,0,0,0
Asharp_6,2,1,-1,3,2,4,1,0,0,0,0,0,0
Asharp_6,3,-1,-1,1,3,1,4,0,0,0,0,0,0
Asharp_aug7,1,-1,1,4,1,3,2,0,0,0,0,0,0
Asharp_aug7,2,1,-1,1,2,3,1,0,0,0,0,0,0
Asharp_aug7,3,-1,1,2,1,1,-1,0,0,0,0,0,0
Asharp_7sus4,1,-1,1,3,1,4,1,0,0,0,0,0,0
Asharp_7sus4,2,1,3,1,4,1,1,0,0,0,0,0,0
Asharp_7sus4,3,-1,-1,1,3,2,4,0,0,0,0,0,0
Asharp_maj7,1,-1,1,3,2,4,1,0,0,0,0,0,0
Asharp_maj7,2,1,4,2,3,1,-1,0,0,0,0,0,0
Asharp_maj7,3,-1,4,3,1,1,1,0,0,0,0,0,0
Asharp_5,1,1,3,-1,-1,-1,-1,0,0,0,0,0,0
Asharp_m6,1,-1,1,3,0,2,4,0,0,0,0,0,0
Asharp_m6,2,1,-1,3,1,4,1,0,0,0,0,0,0
Asharp_m6,3,-1,-1,1,3,1,2,0,0,0,0,0,0
Asharp_7b9,1,-1,1,0,2,-1,3,0,0,0,0,0,0
Asharp_7b9,2,3,2,4,1,-1,-1,0,0,0,0,0,0
Asharp_7b9,3,1,-1,1,2,1,3,0,0,0,0,0,0
Asharp_m9,1,3,1,4,2,-1,-1,0,0,0,0,0,0
Asharp_m9,2,1,3,1,1,1,4,0,0,0,0,0,0
Asharp_m9,3,-1,2,1,3,4,-1,0,0,0,0,0,0
Asharp_sus4,1,-1,1,2,3,4,1,0,0,0,0,0,0
Asharp_sus4,2,-1,-1,1,1,2,4,0,0,0,0,0,0
Asharp_sus4,3,1,1,3,4,1,1,0,0,0,0,0,0
Asharp_69,1,-1,1,0,0,2,3,0,0,0,0,0,0
Asharp_69,2,2,1,1,1,3,4,0,0,0,0,0,0
Asharp_69,3,-1,-1,2,1,3,4,0,0,0,0,0,0
B_major,1,2,2,4,4,4,2,1,1,2,3,4,1
B_major,2,-1,-1,1,1,1,4,0,0,1,1,1,4
B_major,3,1,3,3,2,1,1,1,3,4,2,1,1
B_major,4,-1,1,1,3,4,3,0,1,1,2,4,3
B_major,5,-1,1,3,3,3,-1,0,0,0,0,0,0
B_major,6,1,3,4,2,1,1,0,0,0,0,0,0
B_major,7,-1,-1,1,2,4,3,0,0,0,0,0,0
B_minor,1,2,2,4,4,3,2,1,1,3,4,2,1
B_minor,2,1,3,3,1,1,1,1,3,4,1,1,1
B_minor,3,-1,-1,1,3,4,2,0,0,1,3,4,2
B_minor,4,-1,-1,3,2,3,1,0,0,3,2,4,1
B_minor,5,-1,1,3,4,2,1,0,0,0,0,0,0
B_minor,6,1,3,4,1,1,1,0,0,0,0,0,0
B_minor,7,-1,-1,3,4,2,1,0,0,0,0,0,0
B_minor,8,-1,1,3,4,2,-1,0,0,0,0,0,0
B_minor,9,-1,-1,3,2,4,1,0,0,0,0,0,0
B_minor,10,-1,3,4,1,1,1,0,0,0,0,0,0
B_minor,11,-1,-1,3,1,1,1,0,0,0,0,0,0
B_minor,12,-1,-1,-1,3,2,1,0,0,0,0,0,0
B_minor,13,2,-1,0,3,-1,-1,0,0,0,0,0,0
B_minor,14,-1,1,0,-1,-1,-1,0,0,0,0,0,0
B_minor,15,1,-1,3,1,1,-1,0,0,0,0,0,0
B_dim,1,-1,2,0,-1,0,1,0,3,0,0,0,2
B_dim,2,-1,2,3,4,3,-1,0,1,2,4,3,0
B_dim,3,3,1,-1,3,2,-1,3,1,0,4,2,0
B_dim,4,-1,-1,1,2,-1,2,0,0,1,2,0,3
B_dim,5,-1,1,2,4,3,-1,0,0,0,0,0,0
B_dim,6,-1,-1,4,3,1,2,0,0,0,0,0,0
B_dim,7,-1,-1,1,2,4,3,0,0,0,0,0,0
B_dim,8,-1,-1,-1,3,2,1,0,0,0,0,0,0
B_dim,9,-1,4,2,1,-1,-1,0,0,0,0,0,0
B_dim7,1,-1,2,3,1,3,1,0,2,3,1,4,1
B_dim7,2,-1,-1,3,4,3,4,0,0,1,3,2,4
B_dim7,3,2,-1,1,2,1,-1,3,0,1,4,2,0
B_dim7,4,1,2,3,1,3,1,1,2,3,1,4,1
B_dim7,5,2,4,1,3,-1,-1,0,0,0,0,0,0
B_dim7,6,-1,2,3,1,4,-1,0,0,0,0,0,0
B_dim7,7,-1,-1,1,3,2,4,0,0,0,0,0,0
B_dim7,8,-1,-1,1,2,1,3,0,0,0,0,0,0
B_dim7,9,2,-1,1,3,1,-1,0,0,0,0,0,0
B_dim7,10,-1,-1,0,3,0,4,0,0,0,0,0,0
B_sus2,1,2,2,4,4,2,2,1,1,3,4,1,1
B_sus2,2,2,-1,-1,1,2,2,2,0,0,1,3,4
B_sus2,3,1,1,1,3,4,1,1,1,1,3,4,1
B_sus2,4,-1,4,1,1,2,4,0,3,1,1,2,4
B_sus4,1,1,1,3,3,4,1,1,1,2,3,4,1
B_sus4,2,-1,-1,1,1,2,4,0,0,1,1,2,4
B_sus4,3,1,3,3,3,1,1,1,2,3,4,1,1
B_sus4,4,-1,1,1,3,4,4,0,1,1,3,4,4
B_sus4,5,-1,1,2,3,4,1,0,0,0,0,0,0
B_sus4,6,1,1,3,4,1,1,0,0,0,0,0,0
B_sus4,7,-1,1,3,3,4,-1,0,0,0,0,0,0
B_sus4,8,-1,1,3,4,0,0,0,0,0,0,0,0
B_sus2sus4,1,-1,2,2,4,2,2,0,1,1,3,1,1
B_sus2sus4,2,1,1,3,3,1,3,1,1,2,3,1,4
B_sus2sus4,3,4,4,1,3,-1,-1,3,4,1,2,0,0
B_7sus4,1,-1,2,2,2,0,0,0,1,2,3,0,0
B_7sus4,2,1,1,3,1,4,1,1,1,3,1,4,1
B_7sus4,3,-1,-1,1,1,2,2,0,0,1,1,2,2
B_7sus4,4,1,3,1,3,1,1,1,3,1,4,1,1
B_7sus4,5,-1,1,2,3,0,0,0,0,0,0,0,0
B_7sus4,6,-1,1,3,1,4,1,0,0,0,0,0,0
B_7sus4,7,1,3,1,4,1,1,0,0,0,0,0,0
B_alt,1,-1,2,3,4,4,-1,0,1,2,3,4,0
B_alt,2,-1,-1,4,3,1,2,0,0,4,3,1,2
B_alt,3,1,2,3,2,0,-1,1,2,4,3,0,0
B_alt,4,-1,-1,1,2,0,3,0,0,1,2,0,3
B_aug,1,-1,2,1,0,0,-1,0,2,1,0,0,0
B_aug,2,-1,-1,3,2,2,1,0,0,4,2,3,1
B_aug,3,1,-1,3,2,2,-1,1,0,4,2,3,0
B_aug,4,-1,3,2,1,1,0,0,3,2,1,1,0
B_aug,5,-1,3,2,0,0,-1,0,0,0,0,0,0
B_aug,6,4,3,2,0,-1,-1,0,0,0,0,0,0
B_aug,7,-1,-1,4,2,3,1,0,0,0,0,0,0
B_5,1,1,3,-1,-1,-1,-1,1,3,0,0,0,0
B_5,2,-1,2,4,-1,-1,-1,0,1,3,0,0,0
B_5,3,1,3,3,-1,-1,-1,1,3,4,0,0,0
B_5,4,-1,1,3,4,-1,-1,0,0,0,0,0,0
B_5,5,-1,1,3,-1,-1,-1,0,0,0,0,0,0
B_5,6,-1,1,3,4,0,-1,0,0,0,0,0,0
B_5,7,1,3,4,-1,-1,-1,0,0,0,0,0,0
B_5,8,1,1,3,-1,-1,-1,0,0,0,0,0,0
B_5,9,-1,-1,1,3,4,-1,0,0,0,0,0,0
B_5,10,-1,-1,-1,1,4,-1,0,0,0,0,0,0
B_6,1,-1,2,1,1,0,-1,0,3,1,2,0,0
B_6,2,-1,2,4,4,4,4,0,1,3,3,3,3
B_6,3,1,-1,3,2,3,-1,1,0,3,2,4,0
B_6,4,-1,-1,1,3,1,3,0,0,1,3,1,4
B_6,5,-1,3,1,2,0,-1,0,0,0,0,0,0
B_6,6,-1,1,3,3,3,3,0,0,0,0,0,0
B_6,7,1,-1,3,2,4,1,0,0,0,0,0,0
B_6,8,-1,1,4,-1,-1,-1,0,0,0,0,0,0
B_6,9,-1,-1,1,1,1,1,0,0,0,0,0,0
B_69,1,-1,2,1,1,2,2,0,2,1,1,3,4
B_69,2,2,1,1,1,2,2,2,1,1,1,3,4
B_69,3,-1,2,2,1,2,2,0,2,2,1,3,4
B_69,4,-1,4,1,3,2,1,0,4,1,3,2,1
B_69,5,-1,2,1,1,3,4,0,0,0,0,0,0
B_69,6,2,1,1,1,3,4,0,0,0,0,0,0
B_69,7,-1,-1,2,1,3,4,0,0,0,0,0,0
B_7,1,-1,2,1,2,0,2,0,2,1,3,0,4
B_7,2,2,2,4,2,4,2,1,1,3,1,4,1
B_7,3,-1,-1,1,1,1,2,0,0,1,1,1,2
B_7,4,1,3,1,2,1,1,1,3,1,2,1,1
B_7,5,1,-1,2,3,-1,-1,0,0,0,0,0,0
B_7,6,-1,2,1,3,0,4,0,0,0,0,0,0
B_7,7,-1,1,3,1,4,1,0,0,0,0,0,0
B_7,8,1,3,1,2,4,1,0,0,0,0,0,0
B_7,9,-1,1,3,3,3,4,0,0,0,0,0,0
B_7,10,-1,2,1,2,-1,-1,0,0,0,0,0,0
B_7,11,-1,3,2,4,1,-1,0,0,0,0,0,0
B_7,12,-1,-1,1,1,1,3,0,0,0,0,0,0
B_7,13,1,-1,2,4,3,-1,0,0,0,0,0,0
B_7,14,-1,0,1,2,1,1,0,0,0,0,0,0
B_7,15,-1,2,1,3,0,-1,0,0,0,0,0,0
B_7,16,2,0,1,3,0,4,0,0,0,0,0,0
B_7,17,2,-1,1,3,-1,-1,0,0,0,0,0,0
B_7,18,-1,2,1,3,-1,4,0,0,0,0,0,0
B_7,19,2,-1,1,3,0,4,0,0,0,0,0,0
B_7,20,-1,0,1,1,1,3,0,0,0,0,0,0
B_7b5,1,-1,2,1,2,0,1,0,3,1,4,0,2
B_7b5,2,-1,2,3,2,4,-1,0,1,2,1,3,0
B_7b5,3,2,-1,2,3,1,-1,2,0,3,4,1,0
B_7b5,4,-1,-1,1,2,2,3,0,0,1,2,3,4
B_7b5,5,-1,1,2,1,3,-1,0,0,0,0,0,0
B_7b5,6,-1,-1,2,4,1,3,0,0,0,0,0,0
B_7b5,7,-1,-1,1,2,3,4,0,0,0,0,0,0
B_aug7,1,-1,2,1,2,0,3,0,2,1,3,0,4
B_aug7,2,-1,1,4,1,3,2,0,0,2,1,1,3
B_aug7,3,1,-1,1,2,2,-1,1,0,2,3,4,0
B_aug7,4,-1,-1,1,4,2,3,0,0,1,4,2,3
B_aug7,5,-1,0,1,0,0,4,0,0,0,0,0,0
B_aug7,6,1,-1,1,2,3,1,0,0,0,0,0,0
B_9,1,-1,2,1,2,2,2,0,2,1,3,3,4
B_9,2,4,1,1,3,1,2,4,1,1,3,1,2
B_9,3,1,3,1,2,1,3,1,3,1,2,1,4
B_9,4,-1,-1,2,1,3,2,0,0,2,1,4,3
B_9,5,-1,2,1,3,4,-1,0,0,0,0,0,0
B_9,6,-1,1,3,2,4,-1,0,0,0,0,0,0
B_9,7,-1,-1,2,1,3,4,0,0,0,0,0,0
B_9b5,1,-1,2,1,2,2,1,0,2,1,3,4,1
B_9b5,2,2,1,2,1,1,2,2,1,3,1,1,4
B_9b5,3,1,2,1,2,-1,3,1,2,1,3,0,4
B_9b5,4,-1,2,1,2,2,1,0,2,1,3,4,1
B_9b5,5,1,2,1,3,4,1,0,0,0,0,0,0
B_9b5,6,2,1,3,1,1,4,0,0,0,0,0,0
B_9b5,7,-1,-1,1,2,3,1,0,0,0,0,0,0
B_aug9,1,-1,2,1,2,2,3,0,2,1,3,3,4
B_aug9,2,2,1,2,1,1,2,2,1,3,1,1,4
B_aug9,3,2,1,2,1,3,-1,2,1,3,1,4,0
B_aug9,4,1,2,1,2,2,1,1,2,1,3,4,1
B_7b9,1,-1,2,1,2,1,2,0,2,1,3,1,4
B_7b9,2,3,2,3,1,-1,-1,3,2,4,1,0,0
B_7b9,3,1,-1,1,2,1,2,1,0,1,2,1,3
B_7b9,4,-1,-1,2,1,3,1,0,0,2,1,3,1
B_7b9,5,-1,2,1,3,1,-1,0,0,0,0,0,0
B_7b9,6,3,2,4,1,-1,-1,0,0,0,0,0,0
B_7b9,7,1,-1,1,2,1,3,0,0,0,0,0,0
B_7b9,8,-1,2,1,3,1,4,0,0,0,0,0,0
B_7b9,9,1,-1,2,3,-1,4,0,0,0,0,0,0
B_7b9,10,-1,2,3,1,4,-1,0,0,0,0,0,0
B_7#9,1,-1,2,1,2,3,-1,0,2,1,3,4,0
B_7#9,2,3,2,0,3,0,1,3,2,0,4,0,1
B_7#9,3,1,3,1,2,4,4,1,3,1,2,4,4
B_7#9,4,-1,-1,2,1,3,3,0,0,2,1,3,4
B_7#9,5,-1,2,1,3,4,-1,0,0,0,0,0,0
B_7#9,6,2,1,3,3,3,-1,0,0,0,0,0,0
B_7#9,7,1,3,1,2,1,4,0,0,0,0,0,0
B_7#9,8,-1,1,-1,2,3,-1,0,0,0,0,0,0
B_11,1,-1,2,1,2,0,0,0,2,1,3,0,0
B_11,2,2,2,2,2,4,2,1,1,1,1,3,1
B_11,3,1,1,1,2,1,1,1,1,1,2,1,1
B_11,4,1,1,1,1,2,3,1,1,1,1,2,3
B_11,5,-1,1,1,1,1,1,0,0,0,0,0,0
B_11,6,3,-1,4,2,1,1,0,0,0,0,0,0
B_11,7,-1,-1,1,1,2,1,0,0,0,0,0,0
B_9#11,1,-1,2,1,2,2,1,0,2,1,3,4,1
B_9#11,2,-1,2,3,2,4,2,0,1,2,1,3,1
B_9#11,3,2,-1,2,3,1,-1,2,0,3,4,1,0
B_9#11,4,-1,-1,1,2,2,3,0,0,1,2,3,4
B_9#11,5,2,-1,3,4,1,-1,0,0,0,0,0,0
B_13,1,-1,2,1,2,4,4,0,2,1,3,4,4
B_13,2,2,2,2,2,4,4,1,1,1,1,3,4
B_13,3,4,1,3,1,1,2,4,1,3,1,1,2
B_13,4,1,1,1,2,3,3,1,1,1,2,3,4
B_13,5,-1,2,1,3,3,4,0,0,0,0,0,0
B_13,6,4,-1,3,2,1,1,0,0,0,0,0,0
B_13,7,1,-1,1,2,3,4,0,0,0,0,0,0
B_13,8,1,3,1,2,4,1,0,0,0,0,0,0
B_13,9,1,-1,2,3,4,-1,0,0,0,0,0,0
B_13,10,-1,1,3,2,4,-1,0,0,0,0,0,0
B_13,11,-1,-1,1,2,3,1,0,0,0,0,0,0
B_13,12,1,4,1,2,1,1,0,0,0,0,0,0
B_13,13,3,-1,4,2,1,1,0,0,0,0,0,0
B_maj7,1,2,2,4,3,4,2,1,1,3,2,4,1
B_maj7,2,-1,-1,1,1,1,3,0,0,1,1,1,4
B_maj7,3,1,3,2,2,1,1,1,4,2,3,1,1
B_maj7,4,-1,1,1,3,3,3,0,1,1,3,3,3
B_maj7,5,-1,1,3,2,4,1,0,0,0,0,0,0
B_maj7,6,1,4,2,3,1,-1,0,0,0,0,0,0
B_maj7,7,-1,-1,4,3,2,1,0,0,0,0,0,0
B_maj7,8,-1,1,3,2,4,-1,0,0,0,0,0,0
B_maj7,9,1,-1,3,4,2,-1,0,0,0,0,0,0
B_maj7b5,1,-1,2,3,3,4,-1,0,1,2,3,4,0
B_maj7b5,2,2,1,3,3,1,1,2,1,3,4,1,1
B_maj7b5,3,1,2,2,2,0,-1,1,2,3,4,0,0
B_maj7b5,4,-1,-1,1,2,3,3,0,0,1,2,3,4
B_maj7#5,1,-1,2,1,3,0,3,0,2,1,3,0,4
B_maj7#5,2,-1,1,4,2,3,-1,0,1,4,2,3,0
B_maj7#5,3,2,1,3,0,3,-1,2,1,3,0,3,0
B_maj7#5,4,1,4,3,2,1,1,1,4,3,2,1,1
B_maj9,1,2,2,1,3,2,-1,2,2,1,4,3,0
B_maj9,2,-1,-1,1,3,1,3,0,0,1,3,1,4
B_maj9,3,2,1,3,1,2,-1,2,1,4,1,3,0
B_maj9,4,-1,-1,2,1,4,2,0,0,2,1,4,3
B_maj9,5,-1,2,1,4,3,-1,0,0,0,0,0,0
B_maj9,6,2,1,4,1,-1,-1,0,0,0,0,0,0
B_maj9,7,-1,-1,4,1,2,1,0,0,0,0,0,0
B_maj11,1,-1,2,1,3,0,0,0,2,1,3,0,0
B_maj11,2,2,2,2,3,4,2,1,1,1,2,3,1
B_maj11,3,1,1,2,2,1,3,1,1,2,2,1,3
B_maj11,4,-1,-1,1,1,3,3,0,0,1,1,3,4
B_maj13,1,-1,2,2,3,4,4,0,1,1,2,3,4
B_maj13,2,2,1,1,1,2,1,2,1,1,1,3,1
B_maj13,3,1,1,2,2,3,1,1,1,2,3,4,1
B_maj13,4,-1,4,3,3,1,1,0,4,2,3,1,1
B_maj13,5,-1,1,1,1,2,1,0,0,0,0,0,0
B_maj13,6,1,1,3,2,1,4,0,0,0,0,0,0
B_m6,1,2,2,0,1,0,2,2,3,0,1,0,4
B_m6,2,-1,-1,4,4,3,4,0,0,2,3,1,4
B_m6,3,2,-1,1,2,2,-1,2,0,1,3,4,0
B_m6,4,1,3,3,1,3,1,1,2,3,1,4,1
B_m6,5,-1,2,0,1,0,3,0,0,0,0,0,0
B_m6,6,-1,1,-1,3,2,4,0,0,0,0,0,0
B_m6,7,1,-1,3,1,4,1,0,0,0,0,0,0
B_m6,8,-1,1,2,1,3,-1,0,0,0,0,0,0
B_m7,1,2,2,4,2,3,2,1,1,3,1,2,1
B_m7,2,-1,-1,2,2,1,3,0,0,2,3,1,4
B_m7,3,1,3,1,1,1,1,1,3,1,1,1,1
B_m7,4,-1,1,1,3,2,2,0,1,1,4,2,3
B_m7,5,-1,2,0,3,0,4,0,0,0,0,0,0
B_m7,6,-1,1,3,1,2,1,0,0,0,0,0,0
B_m7,7,1,3,1,1,4,1,0,0,0,0,0,0
B_m7,8,2,-1,3,3,-1,-1,0,0,0,0,0,0
B_m7,9,2,-1,3,3,3,-1,0,0,0,0,0,0
B_m7,10,-1,2,0,3,4,-1,0,0,0,0,0,0
B_m7,11,-1,2,-1,3,4,-1,0,0,0,0,0,0
B_m7,12,-1,-1,1,3,2,2,0,0,0,0,0,0
B_m7,13,-1,-1,1,1,1,1,0,0,0,0,0,0
B_m7,14,2,-1,1,4,3,-1,0,0,0,0,0,0
B_m7,15,-1,-1,0,1,0,2,0,0,0,0,0,0
B_m7,16,-1,-1,2,3,1,4,0,0,0,0,0,0
B_m7,17,-1,2,1,1,-1,3,0,0,0,0,0,0
B_m7,18,-1,4,1,2,0,-1,0,0,0,0,0,0
B_m7,19,-1,0,2,3,1,-1,0,0,0,0,0,0
B_m7b5,1,-1,2,3,2,3,-1,0,1,3,2,4,0
B_m7b5,2,2,-1,2,2,1,-1,2,0,3,4,1,0
B_m7b5,3,1,2,3,1,4,1,1,2,3,1,4,1
B_m7b5,4,-1,-1,1,2,2,2,0,0,1,2,2,2
B_m7b5,5,-1,2,0,3,4,1,0,0,0,0,0,0
B_m7b5,6,-1,1,2,1,3,-1,0,0,0,0,0,0
B_m7b5,7,2,-1,3,4,1,-1,0,0,0,0,0,0
B_m7b5,8,-1,1,3,2,4,-1,0,0,0,0,0,0
B_m9,1,-1,2,0,2,2,2,0,1,0,2,3,4
B_m9,2,-1,2,2,2,1,3,0,2,3,3,1,4
B_m9,3,1,3,1,1,1,3,1,3,1,1,1,4
B_m9,4,1,3,2,2,3,1,1,3,2,2,4,1
B_m9,5,-1,1,0,2,3,-1,0,0,0,0,0,0
B_m9,6,3,1,4,2,-1,-1,0,0,0,0,0,0
B_m9,7,1,3,1,1,1,4,0,0,0,0,0,0
B_m69,1,-1,2,0,1,2,2,0,2,0,1,3,4
B_m69,2,-1,1,2,2,3,3,0,1,2,2,3,3
B_m69,3,1,3,3,1,3,3,1,2,2,1,3,4
B_m69,4,2,-1,1,3,1,1,2,0,1,3,1,1
B_m11,1,-1,2,0,2,2,0,0,1,0,2,3,0
B_m11,2,3,1,3,2,1,1,3,1,4,2,1,1
B_m11,3,1,1,1,1,1,3,1,1,1,1,1,4
B_m11,4,-1,-1,1,1,2,2,0,0,1,1,2,3
B_m11,5,2,-1,3,4,1,-1,0,0,0,0,0,0
B_m11,6,-1,2,0,3,4,0,0,0,0,0,0,0
B_m11,7,-1,-1,4,3,1,-1,0,0,0,0,0,0
B_m11,8,-1,0,3,4,2,0,0,0,0,0,0,0
B_m11,9,-1,1,-1,3,4,0,0,0,0,0,0,0
B_m11,10,1,-1,0,3,4,0,0,0,0,0,0,0
B_m11,11,2,-1,3,4,0,0,0,0,0,0,0,0
B_mmaj7,1,-1,2,0,3,0,2,0,1,0,3,0,2
B_mmaj7,2,2,2,4,3,3,2,1,1,4,2,3,1
B_mmaj7,3,1,3,2,1,1,1,1,3,2,1,1,1
B_mmaj7,4,-1,1,1,3,3,2,0,1,1,3,4,2
B_mmaj7,5,-1,1,3,4,2,-1,0,0,0,0,0,0
B_mmaj7b5,1,-1,2,3,3,3,-1,0,1,2,3,4,0
B_mmaj7b5,2,2,3,-1,2,1,1,2,4,0,3,1,1
B_mmaj7b5,3,1,2,2,1,-1,1,1,2,3,1,0,1
B_mmaj7b5,4,-1,-1,1,2,3,2,0,0,1,2,4,3
B_mmaj9,1,-1,2,0,3,2,2,0,1,0,4,2,3
B_mmaj9,2,3,1,4,2,0,-1,3,1,4,2,0,0
B_mmaj9,3,1,3,2,1,1,3,1,3,2,1,1,4
B_mmaj9,4,-1,3,1,4,3,-1,0,3,1,4,3,0
B_mmaj11,1,-1,2,0,3,2,0,0,1,0,3,2,0
B_mmaj11,2,2,2,2,3,3,2,1,1,1,2,3,1
B_mmaj11,3,1,1,2,1,1,3,1,1,2,1,1,4
B_mmaj11,4,-1,1,1,1,3,2,0,1,1,1,3,2
B_add9,1,-1,2,1,-1,2,2,0,2,1,0,3,4
B_add9,2,2,1,-1,1,2,2,3,1,0,2,4,4
B_add9,3,-1,-1,3,2,1,3,0,0,3,2,1,4
B_add9,4,-1,4,3,1,4,1,0,3,2,1,4,1
B_madd9,1,-1,4,3,3,1,-1,0,4,2,3,1,0
B_madd9,2,3,1,0,2,3,-1,3,1,0,2,4,0
B_madd9,3,-1,-1,3,1,1,3,0,0,3,1,1,4
B_madd9,4,-1,4,2,1,4,-1,0,3,2,1,4,0
Bb_major,1,-1,1,3,3,3,1,0,1,2,3,4,1
Bb_major,2,4,3,1,1,1,-1,4,3,1,1,1,0
Bb_major,3,1,3,3,2,1,1,1,3,4,2,1,1
Bb_major,4,-1,1,1,3,4,3,0,1,1,2,4,3
Bb_major,5,-1,1,3,3,3,-1,0,0,0,0,0,0
Bb_major,6,1,3,4,2,1,1,0,0,0,0,0,0
Bb_major,7,-1,4,3,1,2,1,0,0,0,0,0,0
Bb_major,8,2,1,-1,-1,-1,-1,0,0,0,0,0,0
Bb_major,9,-1,-1,-1,-1,1,4,0,0,0,0,0,0
Bb_major,10,-1,-1,-1,-1,1,1,0,0,0,0,0,0
Bb_major,11,-1,1,4,-1,-1,-1,0,0,0,0,0,0
Bb_major,12,-1,-1,0,3,4,1,0,0,0,0,0,0
Bb_major,13,-1,-1,3,2,1,1,0,0,0,0,0,0
Bb_major,14,-1,3,-1,2,1,1,0,0,0,0,0,0
Bb_major,15,-1,3,4,2,1,1,0,0,0,0,0,0
Bb_major,16,-1,-1,1,1,1,-1,0,0,0,0,0,0
Bb_major,17,-1,3,1,1,1,-1,0,0,0,0,0,0
Bb_major,18,-1,-1,1,1,1,4,0,0,0,0,0,0
Bb_major,19,-1,-1,2,1,-1,-1,0,0,0,0,0,0
Bb_minor,1,-1,1,3,3,2,1,0,1,3,4,2,1
Bb_minor,2,1,3,3,1,1,1,1,3,4,1,1,1
Bb_minor,3,-1,-1,3,1,1,1,0,0,3,1,1,1
Bb_minor,4,-1,-1,1,3,4,2,0,0,1,3,4,2
Bb_minor,5,-1,1,3,4,2,1,0,0,0,0,0,0
Bb_minor,6,1,3,4,1,1,1,0,0,0,0,0,0
Bb_minor,7,-1,-1,3,4,2,1,0,0,0,0,0,0
Bb_minor,8,3,1,-1,-1,-1,-1,0,0,0,0,0,0
Bb_minor,9,-1,-1,-1,3,2,1,0,0,0,0,0,0
Bb_minor,10,-1,-1,-1,1,1,1,0,0,0,0,0,0
Bb_minor,11,-1,3,4,1,-1,-1,0,0,0,0,0,0
Bb_dim,1,-1,1,2,3,2,-1,0,1,2,4,3,0
Bb_dim,2,3,1,-1,3,2,-1,3,1,0,4,2,0
Bb_dim,3,-1,-1,1,2,-1,2,0,0,1,2,0,3
Bb_dim,4,-1,3,1,-1,1,2,0,4,1,0,2,3
Bb_dim,5,-1,1,2,4,3,-1,0,0,0,0,0,0
Bb_dim,6,-1,-1,4,3,1,2,0,0,0,0,0,0
Bb_dim,7,1,2,3,1,-1,-1,0,0,0,0,0,0
Bb_dim,8,-1,-1,-1,2,1,3,0,0,0,0,0,0
Bb_dim7,1,-1,1,2,0,2,0,0,1,2,0,3,0
Bb_dim7,2,-1,-1,2,3,2,3,0,0,1,3,2,4
Bb_dim7,3,1,2,3,1,3,1,1,2,3,1,4,1
Bb_dim7,4,-1,-1,1,2,1,2,0,0,1,3,2,4
Bb_dim7,5,2,4,1,3,-1,-1,0,0,0,0,0,0
Bb_dim7,6,-1,2,3,1,4,-1,0,0,0,0,0,0
Bb_dim7,7,-1,-1,1,3,2,4,0,0,0,0,0,0
Bb_dim7,8,3,-1,1,4,2,-1,0,0,0,0,0,0
Bb_sus2,1,1,1,3,3,1,1,1,1,3,4,1,1
Bb_sus2,2,4,1,1,3,4,-1,3,1,1,2,4,0
Bb_sus2,3,1,1,1,3,4,1,1,1,1,3,4,1
Bb_sus2,4,-1,4,1,1,2,4,0,3,1,1,2,4
Bb_sus2,5,-1,1,3,4,1,1,0,0,0,0,0,0
Bb_sus4,1,-1,1,3,3,4,1,0,1,2,3,4,1
Bb_sus4,2,-1,-1,1,1,2,4,0,0,1,1,2,4
Bb_sus4,3,1,3,3,3,1,1,1,3,3,3,1,1
Bb_sus4,4,-1,1,1,3,4,4,0,1,1,2,3,4
Bb_sus4,5,-1,1,2,3,4,1,0,0,0,0,0,0
Bb_sus4,6,1,1,3,4,1,1,0,0,0,0,0,0
Bb_sus4,7,-1,1,3,3,4,-1,0,0,0,0,0,0
Bb_sus2sus4,1,-1,1,1,3,1,1,0,1,1,3,1,1
Bb_sus2sus4,2,1,1,3,3,1,3,1,1,2,3,1,4
Bb_sus2sus4,3,4,4,1,3,-1,-1,3,4,1,2,0,0
Bb_7sus4,1,-1,1,3,1,4,1,0,1,3,1,4,1
Bb_7sus4,2,-1,-1,3,3,4,4,0,0,1,1,2,2
Bb_7sus4,3,1,3,1,3,1,1,1,3,1,4,1,1
Bb_7sus4,4,-1,-1,1,3,2,4,0,0,1,3,2,4
Bb_7sus4,5,1,3,1,4,1,1,0,0,0,0,0,0
Bb_7sus4,6,-1,1,1,1,2,-1,0,0,0,0,0,0
Bb_7sus4,7,1,-1,2,4,-1,-1,0,0,0,0,0,0
Bb_alt,1,-1,1,2,3,3,0,0,1,2,3,4,0
Bb_alt,2,2,3,0,3,1,0,2,3,0,4,1,0
Bb_alt,3,1,2,0,2,-1,1,1,3,0,4,0,2
Bb_alt,4,-1,-1,1,2,4,3,0,0,1,2,4,3
Bb_aug,1,-1,1,4,3,3,-1,0,1,4,2,3,0
Bb_aug,2,4,3,2,1,1,-1,4,3,2,1,1,0
Bb_aug,3,-1,-1,3,2,2,1,0,0,4,2,3,1
Bb_aug,4,-1,-1,2,1,1,-1,0,0,2,1,1,0
Bb_aug,5,-1,3,2,1,1,-1,0,0,0,0,0,0
Bb_aug,6,4,3,2,1,-1,-1,0,0,0,0,0,0
Bb_aug,7,-1,-1,4,2,3,1,0,0,0,0,0,0
Bb_5,1,1,3,-1,-1,-1,-1,1,3,0,0,0,0
Bb_5,2,-1,1,3,-1,-1,-1,0,1,3,0,0,0
Bb_5,3,1,3,3,-1,-1,-1,1,3,4,0,0,0
Bb_5,4,1,3,4,-1,-1,-1,0,0,0,0,0,0
Bb_5,5,-1,1,1,-1,-1,-1,0,0,0,0,0,0
Bb_5,6,1,1,3,-1,-1,-1,0,0,0,0,0,0
Bb_5,7,-1,1,3,4,-1,-1,0,0,0,0,0,0
Bb_5,8,1,1,-1,-1,-1,-1,0,0,0,0,0,0
Bb_5,9,-1,-1,-1,1,4,-1,0,0,0,0,0,0
Bb_5,10,-1,-1,1,1,-1,-1,0,0,0,0,0,0
Bb_5,11,-1,-1,1,3,4,-1,0,0,0,0,0,0
Bb_5,12,-1,-1,1,4,-1,-1,0,0,0,0,0,0
Bb_6,1,-1,1,3,3,3,3,0,1,3,3,3,3
Bb_6,2,2,1,0,0,2,2,2,1,0,0,3,4
Bb_6,3,1,3,-1,2,3,1,1,3,0,2,4,0
Bb_6,4,-1,4,2,2,1,-1,0,4,2,3,1,0
Bb_6,5,-1,1,3,0,4,0,0,0,0,0,0,0
Bb_6,6,1,-1,3,2,4,1,0,0,0,0,0,0
Bb_6,7,-1,-1,1,3,1,4,0,0,0,0,0,0
Bb_6,8,3,1,2,0,-1,-1,0,0,0,0,0,0
Bb_6,9,-1,1,-1,0,3,4,0,0,0,0,0,0
Bb_6,10,-1,1,-1,0,4,-1,0,0,0,0,0,0
Bb_6,11,2,-1,1,4,3,-1,0,0,0,0,0,0
Bb_6,12,-1,-1,3,3,3,3,0,0,0,0,0,0
Bb_6,13,-1,1,3,0,4,-1,0,0,0,0,0,0
Bb_6,14,2,1,0,0,3,4,0,0,0,0,0,0
Bb_6,15,2,-1,1,3,-1,-1,0,0,0,0,0,0
Bb_6,16,2,-1,1,3,4,-1,0,0,0,0,0,0
Bb_6,17,-1,-1,3,2,4,1,0,0,0,0,0,0
Bb_6,18,1,-1,-1,0,2,-1,0,0,0,0,0,0
Bb_6,19,-1,2,3,1,4,-1,0,0,0,0,0,0
Bb_6,20,-1,-1,1,1,1,1,0,0,0,0,0,0
Bb_6,21,-1,1,3,1,2,1,0,0,0,0,0,0
Bb_6,22,-1,-1,1,4,2,3,0,0,0,0,0,0
Bb_6,23,-1,1,-1,-1,3,4,0,0,0,0,0,0
Bb_6,24,-1,1,3,0,-1,-1,0,0,0,0,0,0
Bb_6,25,1,-1,0,0,4,-1,0,0,0,0,0,0
Bb_6,26,-1,1,0,0,4,-1,0,0,0,0,0,0
Bb_69,1,-1,1,0,0,1,1,0,1,0,0,2,3
Bb_69,2,2,1,1,1,2,2,2,1,1,1,3,4
Bb_69,3,-1,2,2,1,2,2,0,2,2,1,3,4
Bb_69,4,-1,2,1,1,2,2,0,2,1,1,3,4
Bb_69,5,-1,1,0,0,2,3,0,0,0,0,0,0
Bb_69,6,2,1,1,1,3,4,0,0,0,0,0,0
Bb_69,7,-1,-1,2,1,3,4,0,0,0,0,0,0
Bb_69,8,2,-1,1,1,3,-1,0,0,0,0,0,0
Bb_7,1,-1,1,3,1,3,1,0,1,3,1,4,1
Bb_7,2,1,3,1,2,1,1,1,3,1,2,1,1
Bb_7,3,-1,1,1,3,2,3,0,1,1,3,2,4
Bb_7,4,-1,3,2,3,1,-1,0,3,2,4,1,0
Bb_7,5,-1,1,3,1,4,1,0,0,0,0,0,0
Bb_7,6,1,3,1,2,4,1,0,0,0,0,0,0
Bb_7,7,-1,-1,1,3,2,4,0,0,0,0,0,0
Bb_7,8,-1,-1,1,3,2,-1,0,0,0,0,0,0
Bb_7,9,-1,-1,1,1,1,3,0,0,0,0,0,0
Bb_7,10,1,-1,2,3,-1,-1,0,0,0,0,0,0
Bb_7,11,-1,2,0,3,-1,-1,0,0,0,0,0,0
Bb_7,12,-1,-1,-1,3,2,1,0,0,0,0,0,0
Bb_7,13,-1,-1,-1,1,4,-1,0,0,0,0,0,0
Bb_7,14,-1,-1,-1,2,1,3,0,0,0,0,0,0
Bb_7,15,1,-1,2,4,3,-1,0,0,0,0,0,0
Bb_7,16,-1,-1,1,2,1,1,0,0,0,0,0,0
Bb_7,17,-1,2,1,3,-1,-1,0,0,0,0,0,0
Bb_7,18,-1,-1,-1,1,1,2,0,0,0,0,0,0
Bb_7,19,-1,-1,-1,2,4,1,0,0,0,0,0,0
Bb_7b5,1,-1,1,2,1,3,-1,0,1,2,1,3,0
Bb_7b5,2,2,-1,2,3,1,0,2,0,3,4,1,0
Bb_7b5,3,-1,-1,1,2,2,3,0,0,1,2,3,4
Bb_7b5,4,-1,3,2,3,1,0,0,3,2,4,1,0
Bb_7b5,5,-1,-1,2,4,1,3,0,0,0,0,0,0
Bb_7b5,6,-1,-1,1,2,3,4,0,0,0,0,0,0
Bb_aug7,1,-1,1,4,1,3,2,0,1,4,1,3,2
Bb_aug7,2,1,-1,1,2,2,-1,1,0,2,3,4,0
Bb_aug7,3,-1,-1,1,4,2,3,0,0,1,4,2,3
Bb_aug7,4,-1,2,1,2,-1,3,0,2,1,3,0,4
Bb_aug7,5,1,-1,1,2,3,1,0,0,0,0,0,0
Bb_aug7,6,-1,1,2,1,1,-1,0,0,0,0,0,0
Bb_aug7,7,-1,-1,1,2,3,1,0,0,0,0,0,0
Bb_aug7,8,1,-1,2,3,4,-1,0,0,0,0,0,0
Bb_9,1,-1,1,0,1,1,1,0,1,0,2,3,4
Bb_9,2,2,1,2,1,2,-1,2,1,3,1,4,0
Bb_9,3,1,3,1,2,1,3,1,3,1,2,1,4
Bb_9,4,-1,2,1,2,2,2,0,2,1,3,3,3
Bb_9,5,-1,2,0,3,4,-1,0,0,0,0,0,0
Bb_9,6,-1,1,3,2,4,-1,0,0,0,0,0,0
Bb_9,7,1,-1,1,2,1,4,0,0,0,0,0,0
Bb_9,8,-1,2,1,3,3,3,0,0,0,0,0,0
Bb_9,9,-1,-1,1,2,1,4,0,0,0,0,0,0
Bb_9,10,-1,-1,1,3,3,3,0,0,0,0,0,0
Bb_9,11,-1,1,3,2,4,4,0,0,0,0,0,0
Bb_9,12,-1,-1,3,2,1,4,0,0,0,0,0,0
Bb_9,13,-1,2,1,3,4,-1,0,0,0,0,0,0
Bb_9,14,2,1,3,1,-1,-1,0,0,0,0,0,0
Bb_9,15,-1,1,3,2,-1,-1,0,0,0,0,0,0
Bb_9,16,-1,-1,2,1,3,-1,0,0,0,0,0,0
Bb_9,17,-1,-1,0,1,1,1,0,0,0,0,0,0
Bb_9,18,-1,2,0,3,3,3,0,0,0,0,0,0
Bb_9b5,1,-1,1,0,1,1,0,0,1,0,2,3,0
Bb_9b5,2,3,-1,0,2,2,1,4,0,0,2,3,1
Bb_9b5,3,2,1,2,1,1,2,2,1,3,1,1,4
Bb_9b5,4,-1,2,1,2,2,0,0,2,1,3,4,0
Bb_9b5,5,0,1,0,2,3,0,0,0,0,0,0,0
Bb_9b5,6,2,1,3,1,1,4,0,0,0,0,0,0
Bb_9b5,7,-1,-1,1,2,3,1,0,0,0,0,0,0
Bb_aug9,1,-1,1,0,1,1,2,0,1,0,2,3,4
Bb_aug9,2,4,3,4,3,3,4,2,1,3,1,1,4
Bb_aug9,3,2,1,2,1,3,-1,2,1,3,1,4,0
Bb_aug9,4,1,-1,1,2,2,3,1,0,1,2,3,4
Bb_7b9,1,-1,1,0,1,0,1,0,1,0,2,0,3
Bb_7b9,2,3,2,3,1,-1,-1,3,2,4,1,0,0
Bb_7b9,3,1,-1,1,2,1,2,1,0,1,2,1,3
Bb_7b9,4,-1,2,1,2,1,2,0,2,1,3,1,4
Bb_7b9,5,-1,1,0,2,-1,3,0,0,0,0,0,0
Bb_7b9,6,3,2,4,1,-1,-1,0,0,0,0,0,0
Bb_7b9,7,1,-1,1,2,1,3,0,0,0,0,0,0
Bb_7b9,8,-1,2,3,1,4,-1,0,0,0,0,0,0
Bb_7#9,1,-1,1,0,1,2,-1,0,1,0,2,3,0
Bb_7#9,2,1,3,1,2,4,4,1,3,1,2,4,4
Bb_7#9,3,-1,-1,2,1,3,3,0,0,2,1,3,4
Bb_7#9,4,-1,2,1,2,3,-1,0,2,1,3,4,0
Bb_7#9,5,-1,1,0,2,4,3,0,0,0,0,0,0
Bb_7#9,6,2,1,3,3,3,-1,0,0,0,0,0,0
Bb_7#9,7,1,3,1,2,1,4,0,0,0,0,0,0
Bb_11,1,-1,1,1,1,3,1,0,1,1,1,3,1
Bb_11,2,3,2,0,2,1,1,4,2,0,3,1,1
Bb_11,3,1,1,1,1,2,3,1,1,1,1,2,3
Bb_11,4,-1,3,2,3,1,1,0,3,2,4,1,1
Bb_11,5,-1,1,1,1,1,1,0,0,0,0,0,0
Bb_11,6,3,-1,4,2,1,1,0,0,0,0,0,0
Bb_11,7,-1,-1,1,1,2,1,0,0,0,0,0,0
Bb_9#11,1,-1,1,0,1,1,0,0,1,0,2,3,0
Bb_9#11,2,2,1,2,1,1,-1,2,1,3,1,1,0
Bb_9#11,3,-1,-1,1,2,2,3,0,0,1,2,3,4
Bb_9#11,4,-1,2,1,2,2,1,0,2,1,3,4,1
Bb_9#11,5,-1,1,2,1,1,-1,0,0,0,0,0,0
Bb_9#11,6,2,-1,3,4,1,-1,0,0,0,0,0,0
Bb_9#11,7,0,-1,0,1,1,1,0,0,0,0,0,0
Bb_13,1,-1,1,0,1,3,3,0,1,0,2,4,4
Bb_13,2,3,2,0,0,1,1,3,2,0,0,1,1
Bb_13,3,1,1,1,2,3,3,1,1,1,2,3,4
Bb_13,4,-1,2,1,2,4,4,0,2,1,3,4,4
Bb_13,5,-1,1,0,2,3,4,0,0,0,0,0,0
Bb_13,6,4,-1,3,2,1,1,0,0,0,0,0,0
Bb_13,7,1,-1,1,2,3,4,0,0,0,0,0,0
Bb_13,8,1,-1,2,3,4,-1,0,0,0,0,0,0
Bb_13,9,-1,1,2,1,4,4,0,0,0,0,0,0
Bb_13,10,-1,1,1,1,2,1,0,0,0,0,0,0
Bb_13,11,-1,-1,1,2,3,1,0,0,0,0,0,0
Bb_13,12,1,-1,1,2,3,1,0,0,0,0,0,0
Bb_13,13,-1,-1,1,2,4,3,0,0,0,0,0,0
Bb_maj7,1,-1,1,3,2,3,1,0,1,3,2,4,1
Bb_maj7,2,-1,-1,1,1,1,3,0,0,1,1,1,4
Bb_maj7,3,1,3,2,2,1,1,1,4,2,3,1,1
Bb_maj7,4,-1,1,1,3,3,3,0,1,1,3,3,3
Bb_maj7,5,-1,1,3,2,4,1,0,0,0,0,0,0
Bb_maj7,6,1,4,2,3,1,-1,0,0,0,0,0,0
Bb_maj7,7,-1,4,3,1,1,1,0,0,0,0,0,0
Bb_maj7,8,-1,-1,1,3,3,3,0,0,0,0,0,0
Bb_maj7,9,-1,1,3,2,4,-1,0,0,0,0,0,0
Bb_maj7,10,1,-1,3,4,-1,-1,0,0,0,0,0,0
Bb_maj7,11,1,-1,3,4,2,-1,0,0,0,0,0,0
Bb_maj7,12,-1,-1,4,3,2,1,0,0,0,0,0,0
Bb_maj7,13,-1,-1,1,1,1,4,0,0,0,0,0,0
Bb_maj7,14,-1,2,4,1,3,-1,0,0,0,0,0,0
Bb_maj7,15,1,1,3,2,4,1,0,0,0,0,0,0
Bb_maj7,16,2,-1,3,4,2,1,0,0,0,0,0,0
Bb_maj7,17,-1,1,4,2,-1,-1,0,0,0,0,0,0
Bb_maj7,18,-1,1,0,2,4,1,0,0,0,0,0,0
Bb_maj7b5,1,-1,1,2,2,3,-1,0,1,2,3,4,0
Bb_maj7b5,2,2,1,3,3,1,1,2,1,3,4,1,1
Bb_maj7b5,3,1,2,2,2,-1,0,1,2,3,4,0,0
Bb_maj7b5,4,-1,-1,1,2,3,3,0,0,1,2,3,4
Bb_maj7#5,1,-1,1,0,2,3,2,0,1,0,2,4,3
Bb_maj7#5,2,-1,-1,2,1,1,3,0,0,2,1,1,4
Bb_maj7#5,3,1,-1,2,2,2,-1,1,0,2,3,4,0
Bb_maj7#5,4,1,4,3,2,1,1,1,4,3,2,1,1
Bb_maj9,1,1,1,0,2,1,-1,1,1,0,3,2,0
Bb_maj9,2,4,1,1,1,1,3,4,1,1,1,1,3
Bb_maj9,3,2,1,3,1,2,-1,2,1,4,1,3,0
Bb_maj9,4,1,3,2,2,1,3,1,3,2,2,1,4
Bb_maj9,5,-1,1,0,4,2,3,0,0,0,0,0,0
Bb_maj9,6,2,1,4,1,-1,-1,0,0,0,0,0,0
Bb_maj9,7,-1,-1,4,1,2,1,0,0,0,0,0,0
Bb_maj9,8,-1,1,4,1,2,1,0,0,0,0,0,0
Bb_maj9,9,-1,-1,1,3,4,1,0,0,0,0,0,0
Bb_maj9,10,-1,1,3,2,1,-1,0,0,0,0,0,0
Bb_maj11,1,-1,1,1,2,3,1,0,1,1,2,3,1
Bb_maj11,2,3,-1,0,2,1,2,4,0,0,2,1,3
Bb_maj11,3,1,1,2,2,1,1,1,1,2,3,1,1
Bb_maj11,4,-1,-1,1,1,3,3,0,0,1,1,3,4
Bb_maj13,1,-1,1,1,2,3,3,0,1,1,2,3,4
Bb_maj13,2,2,1,1,1,2,1,2,1,1,1,3,1
Bb_maj13,3,1,1,2,2,3,1,1,1,2,3,4,1
Bb_maj13,4,-1,4,3,3,1,1,0,4,2,3,1,1
Bb_maj13,5,2,1,1,1,3,1,0,0,0,0,0,0
Bb_maj13,6,3,-1,4,2,1,1,0,0,0,0,0,0
Bb_m6,1,-1,1,3,-1,2,3,0,1,3,0,2,4
Bb_m6,2,-1,2,3,1,4,-1,0,2,3,1,4,0
Bb_m6,3,2,-1,1,2,2,2,2,0,1,3,3,4
Bb_m6,4,1,3,3,1,3,1,1,2,3,1,4,1
Bb_m6,5,-1,1,3,0,2,4,0,0,0,0,0,0
Bb_m6,6,1,-1,3,1,4,1,0,0,0,0,0,0
Bb_m6,7,-1,-1,1,3,1,2,0,0,0,0,0,0
Bb_m6,8,2,-1,1,3,3,3,0,0,0,0,0,0
Bb_m7,1,-1,1,3,1,2,1,0,1,3,1,2,1
Bb_m7,2,-1,-1,3,3,2,4,0,0,2,3,1,4
Bb_m7,3,1,3,1,1,1,1,1,3,1,1,1,1
Bb_m7,4,-1,1,1,3,2,2,0,1,1,4,2,3
Bb_m7,5,1,3,1,1,4,1,0,0,0,0,0,0
Bb_m7,6,-1,-1,1,4,2,3,0,0,0,0,0,0
Bb_m7,7,2,-1,3,3,3,-1,0,0,0,0,0,0
Bb_m7,8,-1,-1,-1,2,1,1,0,0,0,0,0,0
Bb_m7,9,2,-1,3,3,3,3,0,0,0,0,0,0
Bb_m7,10,2,-1,3,3,-1,-1,0,0,0,0,0,0
Bb_m7,11,-1,-1,2,3,1,4,0,0,0,0,0,0
Bb_m7,12,1,-1,1,1,4,-1,0,0,0,0,0,0
Bb_m7b5,1,-1,1,2,1,2,-1,0,1,3,2,4,0
Bb_m7b5,2,-1,-1,2,3,2,4,0,0,1,2,1,4
Bb_m7b5,3,2,-1,2,2,1,-1,2,0,3,4,1,0
Bb_m7b5,4,-1,-1,1,2,2,2,0,0,1,2,2,2
Bb_m9,1,-1,-1,2,4,1,3,0,0,2,4,1,3
Bb_m9,2,3,1,-1,2,3,1,3,1,0,2,4,1
Bb_m9,3,1,3,1,1,1,3,1,3,1,1,1,4
Bb_m9,4,-1,3,1,3,3,-1,0,2,1,3,4,0
Bb_m9,5,3,1,4,2,-1,-1,0,0,0,0,0,0
Bb_m9,6,1,3,1,1,1,4,0,0,0,0,0,0
Bb_m9,7,-1,2,1,3,4,-1,0,0,0,0,0,0
Bb_m9,8,1,-1,1,1,1,4,0,0,0,0,0,0
Bb_m69,1,2,-1,1,2,2,4,2,0,1,3,3,4
Bb_m69,2,1,-1,3,1,3,3,1,0,2,1,3,4
Bb_m69,3,2,-1,1,3,1,1,2,0,1,4,1,1
Bb_m69,4,-1,3,1,2,3,-1,0,3,1,2,4,0
Bb_m11,1,3,1,3,2,1,1,3,1,4,2,1,1
Bb_m11,2,1,1,1,1,1,3,1,1,1,1,1,4
Bb_m11,3,-1,-1,1,1,2,2,0,0,1,1,2,3
Bb_m11,4,-1,3,1,3,3,1,0,2,1,3,4,1
Bb_m11,5,-1,-1,2,3,1,-1,0,0,0,0,0,0
Bb_m11,6,-1,1,1,1,2,1,0,0,0,0,0,0
Bb_m11,7,-1,1,1,1,2,-1,0,0,0,0,0,0
Bb_m11,8,2,-1,3,4,1,-1,0,0,0,0,0,0
Bb_mmaj7,1,-1,1,3,2,2,1,0,1,4,2,3,1
Bb_mmaj7,2,1,3,2,1,1,1,1,3,2,1,1,1
Bb_mmaj7,3,-1,1,1,3,3,2,0,1,1,3,4,2
Bb_mmaj7,4,-1,4,2,1,1,-1,0,4,2,1,1,0
Bb_mmaj7,5,-1,1,4,2,3,-1,0,0,0,0,0,0
Bb_mmaj7,6,-1,-1,2,1,1,1,0,0,0,0,0,0
Bb_mmaj7,7,1,-1,4,2,3,-1,0,0,0,0,0,0
Bb_mmaj7b5,1,-1,1,2,2,2,0,0,1,2,3,4,0
Bb_mmaj7b5,2,2,3,-1,2,1,1,2,4,0,3,1,1
Bb_mmaj7b5,3,1,2,2,1,-1,1,1,2,3,1,0,1
Bb_mmaj7b5,4,-1,-1,1,2,3,2,0,0,1,2,4,3
Bb_mmaj9,1,3,1,-1,2,3,2,3,1,0,2,4,2
Bb_mmaj9,2,3,1,4,2,-1,-1,3,1,4,2,0,0
Bb_mmaj9,3,1,3,2,1,1,3,1,3,2,1,1,4
Bb_mmaj9,4,1,1,1,3,3,2,1,1,1,3,4,2
Bb_mmaj11,1,-1,1,1,2,2,1,0,1,1,2,3,1
Bb_mmaj11,2,1,1,2,1,1,3,1,1,2,1,1,4
Bb_mmaj11,3,-1,1,1,1,3,2,0,1,1,1,3,2
Bb_mmaj11,4,-1,3,1,4,3,1,0,2,1,4,3,1
Bb_add9,1,-1,1,0,3,1,1,0,1,0,4,2,3
Bb_add9,2,-1,-1,3,2,1,3,0,0,3,2,1,4
Bb_add9,3,-1,-1,2,1,-1,2,0,0,2,1,0,3
Bb_add9,4,-1,4,3,1,4,1,0,3,2,1,4,1
Bb_madd9,1,-1,4,3,3,1,-1,0,4,2,3,1,0
Bb_madd9,2,3,1,-1,2,3,-1,3,1,0,2,4,0
Bb_madd9,3,-1,-1,3,1,1,3,0,0,3,1,1,4
Bb_madd9,4,-1,4,2,1,4,-1,0,3,2,1,4,0
C_major,1,-1,3,2,0,1,0,0,3,2,0,1,0
C_major,2,-1,1,3,3,3,1,0,1,2,3,4,1
C_major,3,-1,-1,1,1,1,4,0,0,1,1,1,4
C_major,4,1,3,3,2,1,1,1,3,4,2,1,1
C_major,5,0,3,2,0,1,0,0,0,0,0,0,0
C_major,6,-1,1,3,3,3,-1,0,0,0,0,0,0
C_major,7,1,3,4,2,1,1,0,0,0,0,0,0
C_major,8,-1,-1,-1,0,1,0,0,0,0,0,0,0
C_major,9,-1,1,2,3,4,0,0,0,0,0,0,0
C_major,10,3,4,2,0,1,0,0,0,0,0,0,0
C_major,11,2,-1,-1,3,-1,-1,0,0,0,0,0,0
C_major,12,-1,3,2,0,1,-1,0,0,0,0,0,0
C_major,13,-1,-1,-1,3,4,1,0,0,0,0,0,0
C_major,14,-1,-1,1,1,1,-1,0,0,0,0,0,0
C_major,15,-1,2,1,-1,-1,-1,0,0,0,0,0,0
C_major,16,-1,-1,3,2,1,1,0,0,0,0,0,0
C_major,17,-1,3,2,0,1,4,0,0,0,0,0,0
C_major,18,-1,1,-1,0,4,-1,0,0,0,0,0,0
C_major,19,3,-1,2,0,1,0,0,0,0,0,0,0
C_minor,1,-1,3,1,0,1,3,0,3,2,0,1,4
C_minor,2,1,1,3,3,2,1,1,1,3,4,2,1
C_minor,3,4,2,1,1,-1,-1,4,2,1,1,0,0
C_minor,4,1,3,3,1,1,1,1,3,4,1,1,1
C_minor,5,-1,4,1,0,2,-1,0,0,0,0,0,0
C_minor,6,-1,1,3,4,2,1,0,0,0,0,0,0
C_minor,7,1,3,4,1,1,1,0,0,0,0,0,0
C_minor,8,-1,1,3,4,2,-1,0,0,0,0,0,0
C_minor,9,-1,-1,3,4,2,1,0,0,0,0,0,0
C_minor,10,-1,-1,-1,3,2,1,0,0,0,0,0,0
C_minor,11,-1,1,-1,0,2,-1,0,0,0,0,0,0
C_minor,12,-1,1,-1,3,2,1,0,0,0,0,0,0
C_minor,13,-1,-1,1,3,4,2,0,0,0,0,0,0
C_minor,14,-1,4,2,1,3,-1,0,0,0,0,0,0
C_minor,15,-1,-1,-1,1,1,1,0,0,0,0,0,0
C_minor,16,-1,-1,3,1,1,1,0,0,0,0,0,0
C_minor,17,-1,-1,3,1,1,-1,0,0,0,0,0,0
C_minor,18,-1,3,4,1,-1,-1,0,0,0,0,0,0
C_minor,19,2,1,1,-1,-1,-1,0,0,0,0,0,0
C_minor,20,-1,-1,3,4,2,-1,0,0,0,0,0,0
C_minor,21,-1,2,1,1,-1,-1,0,0,0,0,0,0
C_minor,22,4,2,1,-1,-1,-1,0,0,0,0,0,0
C_dim,1,-1,3,1,-1,1,2,0,4,1,0,2,3
C_dim,2,-1,1,2,3,2,-1,0,1,2,4,3,0
C_dim,3,3,1,-1,3,2,-1,3,1,0,4,2,0
C_dim,4,-1,-1,1,2,-1,2,0,0,1,2,0,3
C_dim,5,-1,1,2,3,4,-1,0,0,0,0,0,0
C_dim,6,-1,-1,4,3,1,2,0,0,0,0,0,0
C_dim,7,1,2,4,3,-1,-1,0,0,0,0,0,0
C_dim7,1,-1,-1,1,2,1,2,0,0,1,3,2,4
C_dim7,2,-1,3,4,2,4,2,0,2,3,1,4,1
C_dim7,3,2,-1,1,2,1,-1,2,0,1,3,1,0
C_dim7,4,-1,-1,1,2,1,2,0,0,1,3,1,4
C_dim7,5,2,4,1,3,-1,-1,0,0,0,0,0,0
C_dim7,6,-1,2,3,1,4,-1,0,0,0,0,0,0
C_dim7,7,-1,-1,1,3,2,4,0,0,0,0,0,0
C_dim7,8,-1,-1,-1,2,1,3,0,0,0,0,0,0
C_dim7,9,3,-1,1,4,2,-1,0,0,0,0,0,0
C_dim7,10,-1,3,1,2,-1,-1,0,0,0,0,0,0
C_dim7,11,2,-1,1,3,-1,-1,0,0,0,0,0,0
C_sus2,1,-1,3,0,0,1,3,0,3,0,0,1,4
C_sus2,2,-1,3,0,0,3,3,0,1,0,0,2,3
C_sus2,3,1,1,3,3,1,1,1,1,3,4,1,1
C_sus2,4,2,-1,0,1,2,2,2,0,0,1,3,4
C_sus2,5,-1,1,3,4,1,1,0,0,0,0,0,0
C_sus2,6,-1,2,-1,0,3,4,0,0,0,0,0,0
C_sus2,7,-1,2,0,0,3,4,0,0,0,0,0,0
C_sus4,1,-1,3,3,0,1,1,0,3,4,0,1,1
C_sus4,2,1,1,3,3,4,1,1,1,2,3,4,1
C_sus4,3,3,3,-1,0,1,3,2,3,0,0,1,4
C_sus4,4,1,3,3,3,1,1,1,2,3,4,1,1
C_sus4,5,-1,3,4,0,1,-1,0,0,0,0,0,0
C_sus4,6,-1,1,2,3,4,1,0,0,0,0,0,0
C_sus4,7,1,1,3,4,1,1,0,0,0,0,0,0
C_sus2sus4,1,-1,3,3,0,3,3,0,1,2,0,3,4
C_sus2sus4,2,-1,3,0,0,1,1,0,3,0,0,1,1
C_sus2sus4,3,-1,1,1,3,1,1,0,1,1,3,1,1
C_7sus4,1,-1,3,3,3,1,1,0,2,3,4,1,1
C_7sus4,2,1,1,3,1,4,1,1,1,3,1,4,1
C_7sus4,3,-1,-1,1,1,2,2,0,0,1,1,2,3
C_7sus4,4,1,3,1,3,1,1,1,3,1,4,1,1
C_7sus4,5,-1,2,3,4,1,-1,0,0,0,0,0,0
C_7sus4,6,-1,1,3,1,4,1,0,0,0,0,0,0
C_7sus4,7,1,3,1,4,1,1,0,0,0,0,0,0
C_alt,1,-1,2,1,4,4,1,0,2,1,3,4,1
C_alt,2,-1,1,2,3,3,0,0,1,2,3,4,0
C_alt,3,-1,-1,4,3,1,2,0,0,4,3,1,2
C_alt,4,-1,-1,1,2,4,3,0,0,1,2,4,3
C_aug,1,-1,3,2,1,1,-1,0,3,2,1,1,0
C_aug,2,-1,1,4,3,3,-1,0,1,4,2,3,0
C_aug,3,4,3,2,1,1,-1,4,3,2,1,1,0
C_aug,4,-1,-1,3,2,2,1,0,0,4,2,3,1
C_aug,5,4,3,2,1,-1,-1,0,0,0,0,0,0
C_aug,6,-1,-1,4,2,3,1,0,0,0,0,0,0
C_5,1,1,3,-1,-1,-1,-1,1,3,0,0,0,0
C_5,2,-1,1,3,-1,-1,-1,0,1,3,0,0,0
C_5,3,1,3,3,-1,-1,-1,1,3,4,0,0,0
C_5,4,-1,1,3,4,-1,-1,0,0,0,0,0,0
C_5,5,1,3,4,-1,-1,-1,0,0,0,0,0,0
C_5,6,1,1,3,-1,-1,-1,0,0,0,0,0,0
C_5,7,-1,-1,2,3,-1,-1,0,0,0,0,0,0
C_5,8,-1,-1,1,3,4,-1,0,0,0,0,0,0
C_6,1,-1,3,2,2,1,0,0,4,2,3,1,0
C_6,2,-1,1,3,3,3,3,0,1,3,3,3,4
C_6,3,2,-1,1,3,2,-1,2,0,1,4,3,0
C_6,4,1,-1,3,2,3,1,1,0,3,2,4,1
C_6,5,-1,4,2,3,1,0,0,0,0,0,0,0
C_6,6,1,-1,3,2,4,1,0,0,0,0,0,0
C_6,7,2,-1,1,4,3,-1,0,0,0,0,0,0
C_6,8,-1,-1,3,2,4,1,0,0,0,0,0,0
C_6,9,-1,-1,-1,1,1,1,0,0,0,0,0,0
C_6,10,2,-1,1,4,-1,-1,0,0,0,0,0,0
C_6,11,-1,4,2,3,1,-1,0,0,0,0,0,0
C_6,12,-1,2,1,1,-1,-1,0,0,0,0,0,0
C_6,13,-1,-1,1,1,1,1,0,0,0,0,0,0
C_69,1,-1,3,2,2,3,3,0,3,1,1,3,4
C_69,2,-1,1,0,0,3,3,0,1,0,0,3,4
C_69,3,2,1,1,1,2,2,2,1,1,1,3,4
C_69,4,-1,2,2,1,2,2,0,2,2,1,3,4
C_69,5,-1,2,1,1,3,4,0,0,0,0,0,0
C_69,6,2,1,1,1,3,4,0,0,0,0,0,0
C_69,7,-1,-1,2,1,3,4,0,0,0,0,0,0
C_69,8,-1,2,1,1,3,-1,0,0,0,0,0,0
C_7,1,-1,3,2,3,1,0,0,3,2,4,1,0
C_7,2,-1,1,3,1,3,1,0,1,3,1,4,1
C_7,3,-1,-1,1,1,1,2,0,0,1,1,1,2
C_7,4,1,3,1,2,1,1,1,3,1,2,1,1
C_7,5,-1,3,2,4,1,0,0,0,0,0,0,0
C_7,6,-1,1,3,1,4,1,0,0,0,0,0,0
C_7,7,1,3,1,2,4,1,0,0,0,0,0,0
C_7,8,-1,-1,1,1,1,3,0,0,0,0,0,0
C_7,9,-1,2,1,3,-1,-1,0,0,0,0,0,0
C_7,10,-1,-1,3,2,4,1,0,0,0,0,0,0
C_7,11,1,-1,2,4,3,-1,0,0,0,0,0,0
C_7,12,-1,-1,1,3,2,4,0,0,0,0,0,0
C_7,13,-1,-1,3,4,2,1,0,0,0,0,0,0
C_7,14,-1,2,1,3,-1,4,0,0,0,0,0,0
C_7,15,2,-1,1,3,-1,-1,0,0,0,0,0,0
C_7,16,4,3,1,1,1,2,0,0,0,0,0,0
C_7,17,-1,3,2,4,1,-1,0,0,0,0,0,0
C_7,18,-1,-1,3,1,4,1,0,0,0,0,0,0
C_7,19,-1,-1,2,3,1,4,0,0,0,0,0,0
C_7b5,1,-1,-1,2,3,1,2,0,0,2,4,1,3
C_7b5,2,-1,1,2,1,3,-1,0,1,2,1,3,0
C_7b5,3,2,-1,2,3,1,0,2,0,3,4,1,0
C_7b5,4,-1,-1,1,2,2,3,0,0,1,2,3,4
C_7b5,5,-1,-1,2,4,1,3,0,0,0,0,0,0
C_7b5,6,1,3,2,4,-1,-1,0,0,0,0,0,0
C_7/G,1,3,3,2,3,-1,-1,2,3,1,4,0,0
C_7/G,2,3,1,2,0,1,0,4,2,3,0,1,0
C_7/G,3,1,1,3,1,3,1,1,1,3,1,4,1
C_aug7,1,-1,3,2,3,-1,4,0,2,1,3,0,4
C_aug7,2,-1,1,4,1,3,2,0,1,4,1,3,2
C_aug7,3,1,-1,1,2,2,0,1,0,2,3,4,0
C_aug7,4,-1,-1,1,4,2,3,0,0,1,4,2,3
C_aug7,5,-1,1,2,1,1,-1,0,0,0,0,0,0
C_aug7,6,1,-1,1,2,3,1,0,0,0,0,0,0
C_aug7,7,1,-1,2,3,4,-1,0,0,0,0,0,0
C_9,1,0,3,2,0,3,0,0,2,3,0,4,0
C_9,2,3,3,2,3,3,3,2,2,1,3,3,4
C_9,3,2,1,2,1,2,2,2,1,3,1,4,4
C_9,4,2,4,2,1,2,4,1,3,1,2,1,4
C_9,5,-1,-1,2,1,3,2,0,0,2,1,4,3
C_9,6,-1,2,1,3,4,-1,0,0,0,0,0,0
C_9,7,-1,1,3,2,4,-1,0,0,0,0,0,0
C_9,8,-1,-1,2,1,3,4,0,0,0,0,0,0
C_9,9,-1,2,1,3,3,3,0,0,0,0,0,0
C_9,10,-1,-1,1,3,2,1,0,0,0,0,0,0
C_9,11,2,-1,1,3,3,3,0,0,0,0,0,0
C_9,12,2,1,3,1,4,-1,0,0,0,0,0,0
C_9,13,-1,-1,2,1,4,3,0,0,0,0,0,0
C_9b5,1,-1,3,2,3,3,2,0,2,1,3,4,1
C_9b5,2,-1,3,4,3,3,0,0,1,4,2,3,0
C_9b5,3,2,1,2,1,1,2,2,1,3,1,1,4
C_9b5,4,1,2,1,2,-1,3,1,2,1,3,0,4
C_9b5,5,1,2,1,3,4,1,0,0,0,0,0,0
C_9b5,6,2,1,3,1,1,4,0,0,0,0,0,0
C_9b5,7,-1,-1,1,2,3,1,0,0,0,0,0,0
C_aug9,1,-1,3,2,3,3,4,0,2,1,3,3,4
C_aug9,2,-1,1,0,1,3,2,0,1,0,2,4,3
C_aug9,3,2,1,2,1,1,2,2,1,3,1,1,4
C_aug9,4,2,1,2,1,3,-1,2,1,3,1,4,0
C_aug9,5,-1,-1,1,2,3,4,0,0,0,0,0,0
C_7b9,1,-1,3,2,3,2,3,0,2,1,3,1,4
C_7b9,2,3,2,3,1,-1,-1,3,2,4,1,0,0
C_7b9,3,1,-1,1,2,1,2,1,0,1,2,1,3
C_7b9,4,-1,-1,2,1,3,1,0,0,3,1,4,2
C_7b9,5,-1,2,1,3,1,-1,0,0,0,0,0,0
C_7b9,6,3,2,4,1,-1,-1,0,0,0,0,0,0
C_7b9,7,1,-1,1,2,1,3,0,0,0,0,0,0
C_7b9,8,-1,2,1,3,1,4,0,0,0,0,0,0
C_7b9,9,3,-1,1,4,2,-1,0,0,0,0,0,0
C_7#9,1,-1,3,2,3,4,-1,0,2,1,3,4,0
C_7#9,2,-1,1,3,1,2,0,0,1,3,1,2,0
C_7#9,3,1,3,1,2,1,4,1,3,1,2,1,4
C_7#9,4,-1,-1,2,1,3,3,0,0,2,1,3,4
C_7#9,5,-1,2,1,3,4,-1,0,0,0,0,0,0
C_7#9,6,2,1,3,3,3,-1,0,0,0,0,0,0
C_11,1,-1,3,2,3,1,1,0,3,2,4,1,1
C_11,2,-1,1,1,1,3,1,0,1,1,1,3,1
C_11,3,3,2,0,0,1,1,3,2,0,0,1,1
C_11,4,1,1,1,2,1,1,1,1,1,2,1,1
C_11,5,-1,1,1,1,1,1,0,0,0,0,0,0
C_11,6,3,-1,4,2,1,1,0,0,0,0,0,0
C_11,7,-1,-1,1,1,2,1,0,0,0,0,0,0
C_9#11,1,-1,3,2,3,3,2,0,2,1,3,4,1
C_9#11,2,-1,1,2,1,3,1,0,1,2,1,3,1
C_9#11,3,2,1,2,1,1,2,2,1,3,1,1,4
C_9#11,4,-1,-1,1,2,2,3,0,0,1,2,3,4
C_9#11,5,2,-1,3,4,1,-1,0,0,0,0,0,0
C_9#11,6,-1,1,3,1,-1,-1,0,0,0,0,0,0
C_9#11,7,-1,-1,-1,1,3,2,0,0,0,0,0,0
C_13,1,-1,2,1,2,4,4,0,2,1,3,4,4
C_13,2,1,1,1,1,3,3,1,1,1,1,3,4
C_13,3,3,2,2,2,3,1,3,2,2,2,4,1
C_13,4,1,3,1,2,3,1,1,3,1,2,4,1
C_13,5,-1,2,1,3,3,4,0,0,0,0,0,0
C_13,6,3,-1,4,2,1,1,0,0,0,0,0,0
C_13,7,1,-1,1,2,3,4,0,0,0,0,0,0
C_13,8,1,-1,2,3,4,-1,0,0,0,0,0,0
C_13,9,1,3,1,2,4,1,0,0,0,0,0,0
C_13,10,-1,-1,1,2,2,4,0,0,0,0,0,0
C_13,11,-1,1,-1,1,1,4,0,0,0,0,0,0
C_13,12,1,-1,1,2,3,1,0,0,0,0,0,0
C_13,13,-1,-1,1,2,4,3,0,0,0,0,0,0
C_maj7,1,3,3,2,0,0,0,2,3,1,0,0,0
C_maj7,2,1,1,3,2,3,1,1,1,3,2,4,1
C_maj7,3,-1,-1,1,1,1,3,0,0,1,1,1,4
C_maj7,4,-1,-1,1,3,3,3,0,0,1,3,3,3
C_maj7,5,-1,3,2,0,0,0,0,0,0,0,0,0
C_maj7,6,-1,1,3,2,4,1,0,0,0,0,0,0
C_maj7,7,-1,-1,4,3,2,1,0,0,0,0,0,0
C_maj7,8,-1,1,3,2,4,-1,0,0,0,0,0,0
C_maj7,9,1,-1,3,4,2,-1,0,0,0,0,0,0
C_maj7,10,3,4,2,0,0,0,0,0,0,0,0,0
C_maj7,11,1,3,4,2,0,0,0,0,0,0,0,0
C_maj7,12,-1,1,3,4,0,0,0,0,0,0,0,0
C_maj7,13,1,-1,3,4,-1,-1,0,0,0,0,0,0
C_maj7,14,-1,2,1,0,0,3,0,0,0,0,0,0
C_maj7,15,-1,2,4,0,0,0,0,0,0,0,0,0
C_maj7,16,-1,-1,2,3,1,1,0,0,0,0,0,0
C_maj7,17,-1,1,3,2,4,0,0,0,0,0,0,0
C_maj7,18,-1,-1,2,4,1,3,0,0,0,0,0,0
C_maj7,19,2,-1,1,3,4,-1,0,0,0,0,0,0
C_maj7b5,1,-1,3,2,4,0,2,0,3,1,4,0,2
C_maj7b5,2,-1,1,2,2,3,-1,0,1,2,3,4,0
C_maj7b5,3,2,1,3,3,1,1,2,1,3,4,1,1
C_maj7b5,4,-1,-1,1,2,3,3,0,0,1,2,3,4
C_maj7#5,1,-1,3,2,1,0,0,0,3,2,1,0,0
C_maj7#5,2,-1,1,4,2,3,0,0,1,4,2,3,0
C_maj7#5,3,4,3,2,1,0,0,4,3,2,1,0,0
C_maj7#5,4,1,4,3,2,0,0,1,4,3,2,0,0
C_maj9,1,-1,3,0,0,0,0,0,3,0,0,0,0
C_maj9,2,3,3,2,4,3,-1,2,2,1,4,3,0
C_maj9,3,0,1,1,1,1,3,0,1,1,1,1,3
C_maj9,4,1,-1,2,2,1,3,1,0,2,3,1,4
C_maj9,5,-1,2,1,4,3,-1,0,0,0,0,0,0
C_maj9,6,2,1,3,1,-1,-1,0,0,0,0,0,0
C_maj9,7,-1,-1,4,1,2,1,0,0,0,0,0,0
C_maj9,8,-1,1,4,3,2,0,0,0,0,0,0,0
C_maj9,9,-1,1,0,3,2,0,0,0,0,0,0,0
C_maj9,10,-1,-1,1,3,2,2,0,0,0,0,0,0
C_maj9,11,-1,-1,2,3,1,4,0,0,0,0,0,0
C_maj9,12,-1,2,0,0,1,0,0,0,0,0,0,0
C_maj9,13,2,-1,4,1,3,-1,0,0,0,0,0,0
C_maj9,14,-1,-1,2,1,4,3,0,0,0,0,0,0
C_maj11,1,-1,3,2,0,0,1,0,3,2,0,0,1
C_maj11,2,-1,3,3,0,0,0,0,1,1,0,0,0
C_maj11,3,3,2,4,0,1,0,3,2,4,0,1,0
C_maj11,4,1,1,2,2,1,1,1,1,2,3,1,1
C_maj13,1,-1,3,2,2,0,1,0,4,2,3,0,1
C_maj13,2,-1,1,1,2,3,3,0,1,1,2,3,4
C_maj13,3,2,1,1,1,2,1,2,1,1,1,3,1
C_maj13,4,1,1,2,2,3,1,1,1,2,3,4,1
C_maj13,5,1,-1,2,3,4,-1,0,0,0,0,0,0
C_maj13,6,1,-1,2,3,4,4,0,0,0,0,0,0
C_maj13,7,-1,1,3,2,1,4,0,0,0,0,0,0
C_maj13,8,-1,1,4,2,1,-1,0,0,0,0,0,0
C_maj13,9,-1,1,-1,2,3,4,0,0,0,0,0,0
C_maj13,10,1,1,3,2,1,4,0,0,0,0,0,0
C_m6,1,-1,3,1,2,1,3,0,3,1,2,1,4
C_m6,2,-1,1,3,-1,2,3,0,1,3,0,2,4
C_m6,3,2,-1,1,2,2,2,2,0,1,3,3,4
C_m6,4,1,3,3,1,3,1,1,2,3,1,4,1
C_m6,5,-1,3,1,2,1,-1,0,0,0,0,0,0
C_m6,6,-1,1,-1,3,2,4,0,0,0,0,0,0
C_m6,7,1,-1,3,1,4,1,0,0,0,0,0,0
C_m6,8,2,-1,1,3,4,-1,0,0,0,0,0,0
C_m7,1,-1,3,1,3,4,-1,0,2,1,3,4,0
C_m7,2,1,1,3,1,2,1,1,1,3,1,2,1
C_m7,3,-1,-1,2,2,1,3,0,0,2,3,1,4
C_m7,4,1,3,1,1,1,1,1,3,1,1,1,1
C_m7,5,-1,3,1,4,1,-1,0,0,0,0,0,0
C_m7,6,-1,1,3,1,2,1,0,0,0,0,0,0
C_m7,7,1,3,1,1,4,1,0,0,0,0,0,0
C_m7,8,2,-1,3,3,3,-1,0,0,0,0,0,0
C_m7,9,-1,1,-1,2,3,-1,0,0,0,0,0,0
C_m7,10,2,-1,-1,3,4,1,0,0,0,0,0,0
C_m7,11,-1,-1,1,3,2,2,0,0,0,0,0,0
C_m7,12,-1,2,1,3,4,-1,0,0,0,0,0,0
C_m7b5,1,-1,3,4,3,4,-1,0,1,3,2,4,0
C_m7b5,2,-1,-1,1,2,1,3,0,0,1,2,1,4
C_m7b5,3,1,2,3,1,4,1,1,2,3,1,4,1
C_m7b5,4,-1,-1,1,2,2,2,0,0,1,3,3,3
C_m7b5,5,-1,1,3,2,4,-1,0,0,0,0,0,0
C_m7b5,6,2,-1,3,4,1,-1,0,0,0,0,0,0
C_m7b5,7,1,2,1,1,-1,-1,0,0,0,0,0,0
C_m7b5,8,-1,2,-1,3,4,1,0,0,0,0,0,0
C_m9,1,-1,3,1,3,3,3,0,2,1,3,4,4
C_m9,2,-1,3,0,3,4,3,0,1,0,2,4,3
C_m9,3,-1,1,3,2,3,3,0,1,3,2,4,4
C_m9,4,1,3,1,1,1,3,1,3,1,1,1,4
C_m9,5,-1,2,1,3,4,-1,0,0,0,0,0,0
C_m9,6,3,1,4,2,-1,-1,0,0,0,0,0,0
C_m9,7,1,3,1,1,1,4,0,0,0,0,0,0
C_m9,8,-1,-1,2,1,4,3,0,0,0,0,0,0
C_m69,1,-1,3,1,2,3,3,0,3,1,2,4,4
C_m69,2,-1,1,0,0,2,3,0,1,0,0,2,4
C_m69,3,3,1,2,2,-1,-1,4,1,2,3,0,0
C_m69,4,-1,3,3,1,3,3,0,2,2,1,3,4
C_m69,5,-1,-1,1,2,2,4,0,0,0,0,0,0
C_m11,1,-1,3,1,3,3,1,0,2,1,3,4,1
C_m11,2,-1,3,3,3,4,3,0,1,1,1,2,1
C_m11,3,3,1,3,2,1,1,3,1,4,2,1,1
C_m11,4,1,1,1,1,1,3,1,1,1,1,1,4
C_m11,5,2,-1,3,4,1,-1,0,0,0,0,0,0
C_m11,6,-1,2,1,3,4,1,0,0,0,0,0,0
C_m11,7,2,-1,3,4,1,1,0,0,0,0,0,0
C_m11,8,-1,1,1,1,2,1,0,0,0,0,0,0
C_m11,9,-1,1,1,1,1,1,0,0,0,0,0,0
C_m11,10,-1,-1,3,4,1,-1,0,0,0,0,0,0
C_m11,11,-1,-1,1,3,1,1,0,0,0,0,0,0
C_m11,12,2,-1,3,3,4,-1,0,0,0,0,0,0
C_m11,13,-1,-1,1,2,2,4,0,0,0,0,0,0
C_mmaj7,1,-1,3,1,0,0,-1,0,3,1,0,0,0
C_mmaj7,2,1,1,3,2,2,1,1,1,4,2,3,1
C_mmaj7,3,1,3,2,1,1,1,1,3,2,1,1,1
C_mmaj7,4,-1,-1,1,3,3,2,0,0,1,3,4,2
C_mmaj7,5,1,-1,4,2,3,-1,0,0,0,0,0,0
C_mmaj7,6,-1,1,3,2,2,-1,0,0,0,0,0,0
C_mmaj7,7,-1,1,4,2,3,1,0,0,0,0,0,0
C_mmaj7b5,1,-1,3,-1,4,4,2,0,2,0,3,4,1
C_mmaj7b5,2,-1,3,4,4,4,-1,0,1,2,3,4,0
C_mmaj7b5,3,1,2,2,1,-1,1,1,2,3,1,0,1
C_mmaj7b5,4,-1,-1,1,2,3,2,0,0,1,2,4,3
C_mmaj9,1,-1,3,1,4,3,-1,0,2,1,4,3,0
C_mmaj9,2,-1,3,0,4,4,3,0,1,0,3,4,2
C_mmaj9,3,3,1,-1,2,0,3,3,1,0,2,0,4
C_mmaj9,4,1,3,2,1,1,3,1,3,2,1,1,4
C_mmaj11,1,-1,3,1,0,0,1,0,3,1,0,0,2
C_mmaj11,2,3,3,3,4,4,3,1,1,1,2,3,1
C_mmaj11,3,1,1,2,1,1,3,1,1,2,1,1,4
C_mmaj11,4,-1,-1,1,1,3,2,0,0,1,1,3,2
C_add9,1,-1,3,2,0,3,0,0,2,1,0,3,0
C_add9,2,-1,3,0,0,3,0,0,1,0,0,3,0
C_add9,3,2,1,0,0,2,0,2,1,0,0,3,0
C_add9,4,-1,-1,3,2,1,3,0,0,3,2,1,4
C_add9,5,-1,2,1,0,3,4,0,0,0,0,0,0
C_add9,6,-1,2,1,0,3,0,0,0,0,0,0,0
C_add9,7,-1,-1,3,2,1,4,0,0,0,0,0,0
C_add9,8,-1,1,0,0,2,0,0,0,0,0,0,0
C_add9,9,-1,3,0,0,1,0,0,0,0,0,0,0
C_madd9,1,-1,3,1,0,3,3,0,2,1,0,3,4
C_madd9,2,-1,1,0,3,2,1,0,1,0,4,3,2
C_madd9,3,3,1,0,2,3,3,3,1,0,2,4,4
C_madd9,4,-1,-1,3,1,1,3,0,0,3,1,1,4
C_/E,1,0,3,2,0,1,0,0,3,2,0,1,0
C_/E,2,0,3,2,0,1,3,0,3,2,0,1,4
C_/E,3,-1,3,1,1,4,4,0,3,1,1,4,4
C_/F,1,-1,-1,3,0,1,0,0,0,3,0,1,0
C_/F,2,1,3,2,0,1,0,1,4,3,0,2,0
C_/F,3,-1,-1,1,3,3,1,0,0,1,3,4,2
C_/G,1,3,3,2,0,1,0,3,4,2,0,1,0
C_/G,2,1,1,3,3,3,1,1,1,2,3,4,1
C_/G,3,2,2,1,4,4,-1,2,3,1,4,4,0
Csharp_major,1,-1,4,3,1,2,1,0,4,3,1,2,1
Csharp_major,2,1,1,3,3,3,1,1,1,2,3,4,1
Csharp_major,3,4,3,1,1,1,4,3,2,1,1,1,4
Csharp_major,4,1,3,3,2,1,1,1,3,4,2,1,1
Csharp_major,5,-1,1,3,3,3,-1,0,0,0,0,0,0
Csharp_major,6,1,3,4,2,1,1,0,0,0,0,0,0
Csharp_major,7,-1,-1,3,3,3,-1,0,0,0,0,0,0
Csharp_major,8,-1,1,2,3,4,1,0,0,0,0,0,0
Csharp_major,9,-1,1,3,3,3,1,0,0,0,0,0,0
Csharp_major,10,-1,-1,-1,1,3,2,0,0,0,0,0,0
Csharp_major,11,-1,3,1,1,1,-1,0,0,0,0,0,0
Csharp_major,12,-1,-1,3,1,2,4,0,0,0,0,0,0
Csharp_major,13,-1,-1,-1,3,4,1,0,0,0,0,0,0
Csharp_major,14,-1,4,3,1,2,-1,0,0,0,0,0,0
Csharp_major,15,2,-1,1,4,-1,-1,0,0,0,0,0,0
Csharp_major,16,-1,-1,-1,2,1,1,0,0,0,0,0,0
Csharp_minor,1,-1,4,2,1,2,-1,0,4,2,1,3,0
Csharp_minor,2,1,1,3,3,2,1,1,1,3,4,2,1
Csharp_minor,3,4,2,1,1,-1,4,3,2,1,1,0,4
Csharp_minor,4,1,3,3,1,1,1,1,3,4,1,1,1
Csharp_minor,5,-1,1,3,4,2,1,0,0,0,0,0,0
Csharp_minor,6,1,3,4,1,1,1,0,0,0,0,0,0
Csharp_minor,7,-1,-1,1,3,4,2,0,0,0,0,0,0
Csharp_minor,8,-1,1,3,4,2,-1,0,0,0,0,0,0
Csharp_minor,9,-1,3,4,1,1,-1,0,0,0,0,0,0
Csharp_minor,10,-1,3,1,-1,-1,-1,0,0,0,0,0,0
Csharp_minor,11,3,1,-1,-1,-1,-1,0,0,0,0,0,0
Csharp_minor,12,-1,-1,3,1,1,1,0,0,0,0,0,0
Csharp_minor,13,-1,-1,-1,1,1,1,0,0,0,0,0,0
Csharp_dim,1,-1,4,2,-1,2,3,0,4,1,0,2,3
Csharp_dim,2,-1,1,2,3,2,-1,0,1,2,4,3,0
Csharp_dim,3,3,1,-1,3,2,-1,3,1,0,4,2,0
Csharp_dim,4,-1,-1,1,2,-1,2,0,0,1,2,0,3
Csharp_dim,5,-1,1,2,4,3,-1,0,0,0,0,0,0
Csharp_dim,6,-1,-1,4,3,1,2,0,0,0,0,0,0
Csharp_dim,7,1,2,3,1,-1,-1,0,0,0,0,0,0
Csharp_dim,8,-1,2,-1,0,-1,1,0,0,0,0,0,0
Csharp_dim,9,-1,3,1,-1,-1,-1,0,0,0,0,0,0
Csharp_dim7,1,-1,-1,2,3,2,3,0,0,1,3,2,4
Csharp_dim7,2,-1,2,3,1,3,1,0,2,3,1,4,1
Csharp_dim7,3,2,-1,1,2,1,-1,2,0,1,3,1,0
Csharp_dim7,4,-1,-1,1,2,1,2,0,0,1,3,2,4
Csharp_dim7,5,2,4,1,3,-1,-1,0,0,0,0,0,0
Csharp_dim7,6,-1,2,3,1,4,-1,0,0,0,0,0,0
Csharp_dim7,7,-1,-1,1,3,2,4,0,0,0,0,0,0
Csharp_dim7,8,2,-1,1,3,-1,-1,0,0,0,0,0,0
Csharp_dim7,9,3,-1,1,4,2,-1,0,0,0,0,0,0
Csharp_dim7,10,-1,3,1,2,-1,-1,0,0,0,0,0,0
Csharp_dim7,11,-1,2,3,1,4,1,0,0,0,0,0,0
Csharp_sus2,1,1,1,3,3,1,1,1,1,3,4,1,1
Csharp_sus2,2,4,1,1,3,4,-1,0,1,0,0,2,3
Csharp_sus2,3,1,3,3,-1,1,3,1,2,3,0,1,4
Csharp_sus2,4,1,1,1,3,4,1,1,1,1,3,4,1
Csharp_sus4,1,-1,4,4,1,2,-1,0,3,4,1,2,0
Csharp_sus4,2,1,1,3,3,4,1,1,1,2,3,4,1
Csharp_sus4,3,4,-1,1,1,2,4,2,3,0,0,1,4
Csharp_sus4,4,1,3,3,3,1,1,1,2,3,4,1,1
Csharp_sus4,5,-1,1,2,3,4,1,0,0,0,0,0,0
Csharp_sus4,6,-1,-1,1,1,2,4,0,0,0,0,0,0
Csharp_sus4,7,1,1,3,4,1,1,0,0,0,0,0,0
Csharp_sus2sus4,1,-1,1,1,3,1,1,0,1,1,3,1,1
Csharp_sus2sus4,2,1,1,3,3,1,3,1,1,2,3,1,4
Csharp_7sus4,1,-1,4,4,4,2,2,0,2,3,4,1,1
Csharp_7sus4,2,1,1,3,1,4,1,1,1,3,1,4,1
Csharp_7sus4,3,-1,-1,-1,1,2,2,0,0,0,1,2,3
Csharp_7sus4,4,1,3,1,3,1,1,1,3,1,4,1,1
Csharp_7sus4,5,-1,2,3,4,1,-1,0,0,0,0,0,0
Csharp_7sus4,6,-1,1,3,1,4,1,0,0,0,0,0,0
Csharp_7sus4,7,1,3,1,4,1,1,0,0,0,0,0,0
Csharp_7sus4,8,1,-1,1,4,-1,-1,0,0,0,0,0,0
Csharp_7sus4,9,-1,2,2,3,-1,-1,0,0,0,0,0,0
Csharp_alt,1,-1,4,3,0,2,1,0,4,3,0,2,1
Csharp_alt,2,-1,2,3,0,4,1,0,2,3,0,4,1
Csharp_alt,3,-1,1,2,3,3,-1,0,1,2,3,4,0
Csharp_alt,4,-1,-1,4,3,1,2,0,0,4,3,1,2
Csharp_aug,1,-1,4,4,4,2,2,0,2,3,4,1,1
Csharp_aug,2,1,1,3,1,4,1,1,1,3,1,4,1
Csharp_aug,3,4,3,2,1,1,-1,4,3,2,1,1,0
Csharp_aug,4,1,-1,3,2,2,1,1,0,4,2,3,1
Csharp_aug,5,-1,3,2,1,1,-1,0,0,0,0,0,0
Csharp_aug,6,4,3,2,1,-1,-1,0,0,0,0,0,0
Csharp_aug,7,-1,-1,4,2,3,1,0,0,0,0,0,0
Csharp_5,1,1,3,-1,-1,-1,-1,1,3,0,0,0,0
Csharp_5,2,-1,1,3,-1,-1,-1,0,1,3,0,0,0
Csharp_5,3,1,3,3,-1,-1,-1,1,3,4,0,0,0
Csharp_5,4,-1,1,3,4,-1,-1,0,0,0,0,0,0
Csharp_5,5,1,1,3,-1,-1,-1,0,0,0,0,0,0
Csharp_5,6,1,3,4,-1,-1,-1,0,0,0,0,0,0
Csharp_5,7,-1,-1,1,3,4,-1,0,0,0,0,0,0
Csharp_5,8,-1,1,4,-1,-1,-1,0,0,0,0,0,0
Csharp_6,1,-1,4,3,3,2,-1,0,4,2,3,1,0
Csharp_6,2,-1,1,3,3,3,3,0,1,3,3,3,3
Csharp_6,3,4,3,3,1,1,1,4,2,3,1,1,1
Csharp_6,4,1,-1,3,2,3,1,1,0,3,2,4,1
Csharp_6,5,-1,4,2,3,1,-1,0,0,0,0,0,0
Csharp_6,6,1,-1,3,2,4,1,0,0,0,0,0,0
Csharp_6,7,-1,2,4,1,-1,-1,0,0,0,0,0,0
Csharp_6,8,-1,-1,3,2,4,1,0,0,0,0,0,0
Csharp_6,9,-1,-1,3,2,4,-1,0,0,0,0,0,0
Csharp_6,10,-1,-1,-1,3,3,3,0,0,0,0,0,0
Csharp_69,1,-1,4,1,3,2,1,0,4,1,3,2,1
Csharp_69,2,-1,4,3,3,4,4,0,2,1,1,3,4
Csharp_69,3,2,1,1,1,2,2,2,1,1,1,3,4
Csharp_69,4,-1,-1,2,1,2,2,0,0,2,1,3,4
Csharp_69,5,-1,2,1,1,3,4,0,0,0,0,0,0
Csharp_69,6,2,1,1,1,3,4,0,0,0,0,0,0
Csharp_69,7,-1,-1,2,1,3,4,0,0,0,0,0,0
Csharp_7,1,-1,4,3,4,2,-1,0,3,2,4,1,0
Csharp_7,2,-1,1,3,1,3,1,0,1,3,1,4,1
Csharp_7,3,4,3,1,1,1,2,4,3,1,1,1,2
Csharp_7,4,1,3,1,2,1,1,1,3,1,2,1,1
Csharp_7,5,-1,3,2,4,1,-1,0,0,0,0,0,0
Csharp_7,6,-1,1,3,1,4,1,0,0,0,0,0,0
Csharp_7,7,1,3,1,2,4,1,0,0,0,0,0,0
Csharp_7,8,-1,-1,2,3,1,4,0,0,0,0,0,0
Csharp_7,9,-1,2,1,3,0,4,0,0,0,0,0,0
Csharp_7,10,2,-1,3,4,1,-1,0,0,0,0,0,0
Csharp_7,11,-1,2,1,3,-1,-1,0,0,0,0,0,0
Csharp_7,12,1,-1,1,2,-1,-1,0,0,0,0,0,0
Csharp_7,13,-1,-1,1,1,1,2,0,0,0,0,0,0
Csharp_7,14,-1,-1,1,3,2,4,0,0,0,0,0,0
Csharp_7,15,1,-1,2,4,3,-1,0,0,0,0,0,0
Csharp_7,16,1,-1,2,3,-1,-1,0,0,0,0,0,0
Csharp_7,17,-1,1,3,-1,2,-1,0,0,0,0,0,0
Csharp_7,18,-1,-1,3,2,4,1,0,0,0,0,0,0
Csharp_7,19,-1,-1,1,2,1,1,0,0,0,0,0,0
Csharp_7,20,-1,-1,1,1,1,3,0,0,0,0,0,0
Csharp_7b5,1,-1,4,3,0,0,1,0,4,3,0,0,1
Csharp_7b5,2,-1,1,2,1,3,-1,0,1,2,1,3,0
Csharp_7b5,3,2,-1,2,3,1,-1,2,0,3,4,1,0
Csharp_7b5,4,-1,-1,1,2,2,3,0,0,1,2,3,4
Csharp_7b5,5,-1,-1,2,4,1,3,0,0,0,0,0,0
Csharp_7b5,6,1,3,2,4,-1,-1,0,0,0,0,0,0
Csharp_aug7,1,-1,4,3,2,0,1,0,4,3,2,0,1
Csharp_aug7,2,-1,1,4,1,3,2,0,1,4,1,3,2
Csharp_aug7,3,3,2,1,-1,0,1,4,3,1,0,0,2
Csharp_aug7,4,1,-1,1,2,2,-1,1,0,2,3,4,0
Csharp_aug7,5,-1,1,2,1,1,-1,0,0,0,0,0,0
Csharp_aug7,6,1,-1,1,2,3,1,0,0,0,0,0,0
Csharp_9,1,4,4,3,4,4,4,2,2,1,3,3,4
Csharp_9,2,2,1,2,1,-1,-1,3,1,4,2,0,0
Csharp_9,3,1,3,1,2,1,3,1,3,1,2,1,4
Csharp_9,4,-1,-1,2,1,3,2,0,0,2,1,4,3
Csharp_9,5,-1,2,1,3,4,-1,0,0,0,0,0,0
Csharp_9,6,-1,1,3,2,4,-1,0,0,0,0,0,0
Csharp_9,7,-1,-1,2,1,3,4,0,0,0,0,0,0
Csharp_9,8,-1,2,1,3,3,3,0,0,0,0,0,0
Csharp_9,9,-1,-1,3,2,1,4,0,0,0,0,0,0
Csharp_9,10,2,-1,1,3,3,3,0,0,0,0,0,0
Csharp_9,11,-1,1,2,1,3,4,0,0,0,0,0,0
Csharp_9,12,-1,-1,-1,3,1,2,0,0,0,0,0,0
Csharp_9,13,1,-1,2,3,-1,4,0,0,0,0,0,0
Csharp_9,14,-1,-1,1,2,1,4,0,0,0,0,0,0
Csharp_9b5,1,-1,4,3,4,4,3,0,2,1,3,4,1
Csharp_9b5,2,2,1,2,1,1,2,2,1,3,1,1,4
Csharp_9b5,3,1,2,-1,2,0,3,1,2,0,3,0,4
Csharp_9b5,4,1,2,1,3,4,1,0,0,0,0,0,0
Csharp_9b5,5,2,1,3,1,1,4,0,0,0,0,0,0
Csharp_9b5,6,-1,-1,1,2,3,1,0,0,0,0,0,0
Csharp_aug9,1,-1,2,1,2,2,3,0,2,1,3,3,4
Csharp_aug9,2,3,2,1,2,0,-1,4,2,1,3,0,0
Csharp_aug9,3,2,1,2,1,3,-1,2,1,3,1,4,0
Csharp_aug9,4,1,4,1,2,0,3,1,4,1,2,0,3
Csharp_7b9,1,-1,4,3,4,3,4,0,2,1,3,1,4
Csharp_7b9,2,-1,1,0,1,3,4,0,1,0,2,3,4
Csharp_7b9,3,3,2,3,1,0,-1,3,2,4,1,0,0
Csharp_7b9,4,-1,-1,1,2,1,2,0,0,1,3,2,4
Csharp_7b9,5,-1,2,1,3,1,-1,0,0,0,0,0,0
Csharp_7b9,6,3,2,4,1,-1,-1,0,0,0,0,0,0
Csharp_7b9,7,1,-1,1,2,1,3,0,0,0,0,0,0
Csharp_7#9,1,-1,4,3,4,2,0,0,3,2,4,1,0
Csharp_7#9,2,-1,2,1,2,3,-1,0,2,1,3,4,0
Csharp_7#9,3,-1,1,2,2,2,2,0,1,2,2,3,4
Csharp_7#9,4,1,3,1,2,1,4,1,3,1,2,1,4
Csharp_7#9,5,-1,2,1,3,4,-1,0,0,0,0,0,0
Csharp_7#9,6,2,1,3,3,3,-1,0,0,0,0,0,0
Csharp_7#9,7,1,3,1,2,4,4,0,0,0,0,0,0
Csharp_7#9,8,1,-1,2,3,4,4,0,0,0,0,0,0
Csharp_7#9,9,-1,-1,2,1,3,4,0,0,0,0,0,0
Csharp_11,1,-1,4,3,0,0,4,0,2,1,0,0,3
Csharp_11,2,-1,1,2,1,3,1,0,1,2,1,3,1
Csharp_11,3,2,1,2,1,1,2,2,1,3,1,1,4
Csharp_11,4,1,2,1,2,1,1,1,2,1,3,1,1
Csharp_11,5,-1,1,1,1,1,1,0,0,0,0,0,0
Csharp_11,6,4,-1,3,2,1,1,0,0,0,0,0,0
Csharp_11,7,-1,-1,1,1,2,1,0,0,0,0,0,0
Csharp_9#11,1,-1,3,2,0,0,3,0,2,1,0,0,3
Csharp_9#11,2,-1,1,2,1,3,1,0,1,2,1,3,1
Csharp_9#11,3,2,1,2,1,1,2,2,1,3,1,1,4
Csharp_9#11,4,1,2,1,2,1,1,1,2,1,3,1,1
Csharp_9#11,5,-1,2,1,3,4,1,0,0,0,0,0,0
Csharp_9#11,6,2,-1,3,4,1,-1,0,0,0,0,0,0
Csharp_9#11,7,-1,1,3,2,4,-1,0,0,0,0,0,0
Csharp_13,1,-1,4,3,3,0,2,0,4,2,3,0,1
Csharp_13,2,1,1,1,1,3,3,1,1,1,1,3,4
Csharp_13,3,3,2,2,2,3,1,3,2,2,2,4,1
Csharp_13,4,1,1,1,2,3,3,1,1,1,2,3,4
Csharp_13,5,-1,2,1,3,3,4,0,0,0,0,0,0
Csharp_13,6,3,-1,4,2,1,1,0,0,0,0,0,0
Csharp_13,7,1,-1,1,2,3,4,0,0,0,0,0,0
Csharp_13,8,-1,-1,1,2,3,1,0,0,0,0,0,0
Csharp_13,9,1,-1,2,3,4,-1,0,0,0,0,0,0
Csharp_maj7,1,-1,4,3,1,1,1,0,4,3,1,1,1
Csharp_maj7,2,1,1,3,2,3,1,1,1,3,2,4,1
Csharp_maj7,3,-1,-1,-1,1,1,3,0,0,0,1,1,3
Csharp_maj7,4,1,-1,2,2,1,-1,1,0,3,4,2,0
Csharp_maj7,5,-1,1,3,2,4,1,0,0,0,0,0,0
Csharp_maj7,6,-1,-1,4,3,2,1,0,0,0,0,0,0
Csharp_maj7,7,1,-1,3,4,2,-1,0,0,0,0,0,0
Csharp_maj7,8,-1,1,3,2,4,-1,0,0,0,0,0,0
Csharp_maj7,9,-1,2,-1,3,4,-1,0,0,0,0,0,0
Csharp_maj7b5,1,-1,2,1,3,4,1,0,2,1,3,4,1
Csharp_maj7b5,2,-1,1,2,2,3,-1,0,1,2,3,4,0
Csharp_maj7b5,3,2,1,3,3,1,1,2,1,3,4,1,1
Csharp_maj7b5,4,-1,-1,1,2,3,3,0,0,1,2,3,4
Csharp_maj7#5,1,1,4,3,2,1,1,1,4,3,2,1,1
Csharp_maj7#5,2,-1,1,4,2,3,-1,0,1,4,2,3,0
Csharp_maj7#5,3,-1,-1,4,3,3,1,0,0,4,2,3,1
Csharp_maj7#5,4,-1,-1,1,4,3,3,0,0,1,4,2,3
Csharp_maj9,1,-1,4,1,1,1,1,0,4,1,1,1,1
Csharp_maj9,2,-1,2,1,3,2,-1,0,2,1,4,3,0
Csharp_maj9,3,2,1,3,1,2,1,2,1,4,1,3,1
Csharp_maj9,4,-1,-1,2,1,4,2,0,0,2,1,4,3
Csharp_maj9,5,-1,2,1,4,3,-1,0,0,0,0,0,0
Csharp_maj9,6,2,1,3,1,-1,-1,0,0,0,0,0,0
Csharp_maj9,7,-1,-1,4,1,2,1,0,0,0,0,0,0
Csharp_maj9,8,-1,1,-1,3,2,2,0,0,0,0,0,0
Csharp_maj11,1,-1,3,2,4,1,1,0,3,2,4,1,1
Csharp_maj11,2,1,1,1,2,3,1,1,1,1,2,3,1
Csharp_maj11,3,3,2,-1,-1,1,2,4,2,0,0,1,3
Csharp_maj11,4,1,1,2,2,1,1,1,1,2,3,1,1
Csharp_maj13,1,-1,4,1,3,1,1,0,4,2,3,0,1
Csharp_maj13,2,-1,1,1,2,3,3,0,1,1,2,3,4
Csharp_maj13,3,2,1,1,1,2,1,2,1,1,1,3,1
Csharp_maj13,4,1,1,2,2,3,1,1,1,2,3,4,1
Csharp_maj13,5,1,-1,2,3,4,-1,0,0,0,0,0,0
Csharp_m6,1,-1,4,2,3,2,4,0,3,1,2,1,4
Csharp_m6,2,-1,-1,2,2,1,2,0,0,2,3,1,4
Csharp_m6,3,2,-1,1,2,2,-1,2,0,1,3,4,0
Csharp_m6,4,1,3,3,1,3,1,1,2,3,1,4,1
Csharp_m6,5,-1,3,1,2,1,-1,0,0,0,0,0,0
Csharp_m6,6,-1,1,-1,3,2,4,0,0,0,0,0,0
Csharp_m6,7,1,-1,3,1,4,1,0,0,0,0,0,0
Csharp_m6,8,3,1,2,-1,-1,-1,0,0,0,0,0,0
Csharp_m7,1,-1,1,3,1,2,1,0,1,3,1,2,1
Csharp_m7,2,-1,-1,2,2,1,3,0,0,2,3,1,4
Csharp_m7,3,1,3,1,1,1,1,1,4,1,1,1,1
Csharp_m7,4,-1,-1,1,3,2,2,0,0,1,4,2,3
Csharp_m7,5,-1,3,1,4,1,-1,0,0,0,0,0,0
Csharp_m7,6,1,3,1,1,4,1,0,0,0,0,0,0
Csharp_m7,7,2,-1,3,3,-1,-1,0,0,0,0,0,0
Csharp_m7,8,-1,2,1,3,-1,-1,0,0,0,0,0,0
Csharp_m7,9,2,-1,3,3,3,-1,0,0,0,0,0,0
Csharp_m7,10,-1,1,-1,2,4,3,0,0,0,0,0,0
Csharp_m7,11,2,1,3,4,0,0,0,0,0,0,0,0
Csharp_m7,12,-1,2,1,3,4,-1,0,0,0,0,0,0
Csharp_m7,13,-1,1,3,1,2,-1,0,0,0,0,0,0
Csharp_m7,14,-1,1,3,4,0,0,0,0,0,0,0,0
Csharp_m7,15,-1,1,-1,1,2,4,0,0,0,0,0,0
Csharp_m7,16,-1,1,-1,2,3,-1,0,0,0,0,0,0
Csharp_m7,17,1,1,3,4,0,0,0,0,0,0,0,0
Csharp_m7,18,-1,3,-1,-1,0,0,0,0,0,0,0,0
Csharp_m7,19,1,-1,1,1,1,1,0,0,0,0,0,0
Csharp_m7b5,1,-1,1,2,1,2,-1,0,1,3,2,4,0
Csharp_m7b5,2,-1,-1,1,2,1,3,0,0,1,2,1,4
Csharp_m7b5,3,2,-1,2,2,1,-1,2,0,3,4,1,0
Csharp_m7b5,4,-1,-1,1,2,2,2,0,0,1,2,2,2
Csharp_m7b5,5,-1,3,1,0,0,0,0,0,0,0,0,0
Csharp_m7b5,6,-1,1,3,2,4,0,0,0,0,0,0,0
Csharp_m7b5,7,2,-1,3,4,1,-1,0,0,0,0,0,0
Csharp_m7b5,8,-1,1,3,2,4,-1,0,0,0,0,0,0
Csharp_m7b5,9,-1,-1,1,3,3,3,0,0,0,0,0,0
Csharp_m9,1,-1,4,2,4,4,4,0,2,1,3,4,4
Csharp_m9,2,-1,2,2,2,1,3,0,2,2,3,1,4
Csharp_m9,3,-1,1,3,2,3,3,0,1,3,2,4,4
Csharp_m9,4,1,3,1,1,1,3,1,3,1,1,1,4
Csharp_m9,5,-1,2,1,3,4,-1,0,0,0,0,0,0
Csharp_m9,6,3,1,4,2,-1,-1,0,0,0,0,0,0
Csharp_m9,7,1,3,1,1,1,4,0,0,0,0,0,0
Csharp_m9,8,-1,-1,1,1,1,4,0,0,0,0,0,0
Csharp_m9,9,2,-1,1,3,4,-1,0,0,0,0,0,0
Csharp_m9,10,1,-1,1,1,1,4,0,0,0,0,0,0
Csharp_m9,11,-1,1,-1,1,1,-1,0,0,0,0,0,0
Csharp_m69,1,-1,4,1,3,2,0,0,4,1,3,2,0
Csharp_m69,2,-1,4,2,3,4,-1,0,3,1,2,4,0
Csharp_m69,3,3,1,2,2,-1,0,4,1,2,3,0,0
Csharp_m69,4,-1,3,3,1,3,3,0,2,2,1,3,4
Csharp_m11,1,-1,4,2,4,2,2,0,2,1,3,1,1
Csharp_m11,2,3,1,3,2,1,1,3,1,4,2,1,1
Csharp_m11,3,1,1,1,1,1,3,1,1,1,1,1,4
Csharp_m11,4,-1,-1,1,1,2,2,0,0,1,1,2,3
Csharp_m11,5,-1,1,1,1,2,1,0,0,0,0,0,0
Csharp_m11,6,2,-1,3,4,1,-1,0,0,0,0,0,0
Csharp_m11,7,0,1,1,1,2,1,0,0,0,0,0,0
Csharp_m11,8,-1,1,1,1,2,-1,0,0,0,0,0,0
Csharp_m11,9,-1,2,1,3,1,1,0,0,0,0,0,0
Csharp_m11,10,-1,2,1,3,4,1,0,0,0,0,0,0
Csharp_m11,11,2,-1,3,4,1,1,0,0,0,0,0,0
Csharp_mmaj7,1,-1,4,2,1,1,-1,0,4,2,1,1,0
Csharp_mmaj7,2,1,1,3,2,2,1,1,1,4,2,3,1
Csharp_mmaj7,3,1,3,2,1,1,1,1,3,2,1,1,1
Csharp_mmaj7,4,-1,1,1,3,3,2,0,1,1,3,4,2
Csharp_mmaj7b5,1,-1,4,2,0,1,0,0,4,2,0,1,0
Csharp_mmaj7b5,2,-1,1,2,2,2,-1,0,1,2,3,4,0
Csharp_mmaj7b5,3,1,2,2,1,-1,1,1,2,2,1,0,1
Csharp_mmaj7b5,4,-1,-1,1,2,3,2,0,0,1,2,4,3
Csharp_mmaj9,1,-1,4,1,1,1,0,0,4,1,1,1,0
Csharp_mmaj9,2,-1,3,1,4,3,0,0,2,1,4,3,0
Csharp_mmaj9,3,1,1,3,2,1,0,1,1,4,3,2,0
Csharp_mmaj9,4,1,3,2,1,1,3,1,3,2,1,1,4
Csharp_mmaj11,1,-1,3,1,4,3,1,0,3,1,4,3,1
Csharp_mmaj11,2,1,1,1,2,2,1,1,1,1,2,3,1
Csharp_mmaj11,3,1,1,2,1,1,3,1,1,2,1,1,4
Csharp_mmaj11,4,-1,-1,1,1,3,2,0,0,1,1,3,2
Csharp_add9,1,-1,4,3,1,4,1,0,3,2,1,4,1
Csharp_add9,2,-1,4,3,-1,4,4,0,2,1,0,3,4
Csharp_add9,3,2,1,-1,1,2,-1,3,1,0,2,4,0
Csharp_add9,4,-1,-1,3,2,1,3,0,0,3,2,1,4
Csharp_madd9,1,-1,4,2,1,4,-1,0,3,2,1,4,0
Csharp_madd9,2,-1,1,3,3,1,0,0,1,3,4,2,0
Csharp_madd9,3,3,1,-1,2,3,0,3,1,0,2,4,0
Csharp_madd9,4,-1,-1,3,1,1,3,0,0,3,1,1,4
D_major,1,-1,-1,0,2,3,2,0,0,0,1,3,2
D_major,2,-1,4,3,1,2,1,0,4,3,1,2,1
D_major,3,-1,1,3,3,3,1,0,1,2,3,4,1
D_major,4,1,3,3,2,1,1,1,3,4,2,1,1
D_major,5,-1,0,0,1,3,2,0,0,0,0,0,0
D_major,6,-1,1,3,3,3,-1,0,0,0,0,0,0
D_major,7,1,3,4,2,1,1,0,0,0,0,0,0
D_major,8,-1,-1,0,1,3,2,0,0,0,0,0,0
D_major,9,-1,0,3,1,2,1,0,0,0,0,0,0
D_major,10,-1,-1,0,3,4,1,0,0,0,0,0,0
D_major,11,-1,4,3,1,2,-1,0,0,0,0,0,0
D_major,12,2,1,-1,4,-1,-1,0,0,0,0,0,0
D_major,13,-1,-1,3,1,2,1,0,0,0,0,0,0
D_major,14,-1,-1,1,1,1,-1,0,0,0,0,0,0
D_major,15,-1,0,3,1,-1,-1,0,0,0,0,0,0
D_major,16,-1,-1,1,1,1,4,0,0,0,0,0,0
D_major,17,-1,-1,3,2,1,1,0,0,0,0,0,0
D_major,18,-1,2,1,-1,-1,-1,0,0,0,0,0,0
D_minor,1,-1,-1,0,2,3,1,0,0,0,2,3,1
D_minor,2,1,1,3,3,2,1,1,1,3,4,2,1
D_minor,3,-1,3,2,2,1,-1,0,4,2,3,1,0
D_minor,4,1,3,3,1,1,1,1,3,4,1,1,1
D_minor,5,-1,0,0,2,3,1,0,0,0,0,0,0
D_minor,6,-1,1,3,4,2,1,0,0,0,0,0,0
D_minor,7,1,3,4,1,1,1,0,0,0,0,0,0
D_minor,8,2,-1,-1,3,-1,-1,0,0,0,0,0,0
D_minor,9,-1,-1,-1,-1,1,4,0,0,0,0,0,0
D_minor,10,-1,-1,3,4,2,1,0,0,0,0,0,0
D_minor,11,1,-1,0,2,4,-1,0,0,0,0,0,0
D_minor,12,-1,-1,3,4,2,-1,0,0,0,0,0,0
D_minor,13,-1,-1,3,1,1,1,0,0,0,0,0,0
D_minor,14,1,3,-1,1,-1,1,0,0,0,0,0,0
D_minor,15,-1,-1,0,1,1,1,0,0,0,0,0,0
D_minor,16,-1,3,0,1,-1,1,0,0,0,0,0,0
D_minor,17,-1,1,3,4,2,-1,0,0,0,0,0,0
D_minor,18,-1,1,-1,3,2,1,0,0,0,0,0,0
D_minor,19,-1,0,2,-1,3,-1,0,0,0,0,0,0
D_minor,20,-1,4,2,1,-1,-1,0,0,0,0,0,0
D_minor,21,-1,-1,-1,3,2,1,0,0,0,0,0,0
D_minor,22,-1,-1,0,3,2,1,0,0,0,0,0,0
D_dim,1,-1,-1,0,1,-1,1,0,0,0,1,0,2
D_dim,2,-1,3,1,-1,1,2,0,4,1,0,2,3
D_dim,3,-1,1,2,3,2,-1,0,1,2,4,3,0
D_dim,4,3,1,-1,3,2,-1,3,1,0,4,2,0
D_dim,5,-1,1,2,4,3,-1,0,0,0,0,0,0
D_dim,6,-1,-1,4,3,1,2,0,0,0,0,0,0
D_dim,7,1,2,3,1,-1,-1,0,0,0,0,0,0
D_dim,8,-1,-1,3,1,4,-1,0,0,0,0,0,0
D_dim,9,-1,3,1,2,1,-1,0,0,0,0,0,0
D_dim7,1,-1,-1,0,1,0,1,0,0,0,2,0,3
D_dim7,2,-1,2,3,1,3,1,0,2,3,1,4,1
D_dim7,3,-1,2,0,4,3,1,0,2,0,4,3,1
D_dim7,4,1,2,3,1,3,1,1,2,3,1,4,1
D_dim7,5,2,4,1,3,-1,-1,0,0,0,0,0,0
D_dim7,6,-1,2,3,1,4,-1,0,0,0,0,0,0
D_dim7,7,-1,-1,1,3,2,4,0,0,0,0,0,0
D_dim7,8,2,-1,1,3,1,-1,0,0,0,0,0,0
D_sus2,1,-1,-1,0,2,3,0,0,0,0,2,3,0
D_sus2,2,-1,-1,1,1,2,4,0,0,1,1,2,4
D_sus2,3,1,1,3,3,1,1,1,1,3,4,1,1
D_sus2,4,-1,1,1,1,4,4,0,1,1,1,4,4
D_sus2,5,-1,-1,0,1,3,0,0,0,0,0,0,0
D_sus2,6,-1,0,0,1,3,0,0,0,0,0,0,0
D_sus2,7,-1,1,3,4,1,1,0,0,0,0,0,0
D_sus2,8,1,1,3,4,1,1,0,0,0,0,0,0
D_sus4,1,-1,-1,0,2,3,3,0,0,0,1,2,3
D_sus4,2,-1,3,0,0,1,3,0,3,0,0,1,4
D_sus4,3,1,1,3,3,4,1,1,1,2,3,4,1
D_sus4,4,1,3,3,3,1,1,1,2,3,4,1,1
D_sus4,5,-1,0,0,1,3,4,0,0,0,0,0,0
D_sus4,6,-1,1,2,3,4,1,0,0,0,0,0,0
D_sus4,7,1,1,3,4,1,1,0,0,0,0,0,0
D_sus4,8,-1,-1,0,1,3,4,0,0,0,0,0,0
D_sus2sus4,1,-1,1,1,3,1,1,0,1,1,3,1,1
D_sus2sus4,2,-1,4,1,1,2,2,0,4,1,1,2,2
D_sus2sus4,3,1,1,3,3,1,3,1,1,2,3,1,4
D_7sus4,1,-1,-1,0,2,1,3,0,0,0,2,1,4
D_7sus4,2,-1,3,3,3,1,-1,0,2,3,4,1,0
D_7sus4,3,1,1,3,1,4,1,1,1,3,1,4,1
D_7sus4,4,1,3,1,3,1,1,1,3,1,4,1,1
D_7sus4,5,-1,0,0,2,1,3,0,0,0,0,0,0
D_7sus4,6,-1,1,3,1,4,1,0,0,0,0,0,0
D_7sus4,7,1,3,1,4,1,1,0,0,0,0,0,0
D_alt,1,-1,-1,0,1,3,2,0,0,0,1,3,2
D_alt,2,-1,3,2,-1,1,2,0,4,2,0,1,3
D_alt,3,-1,1,2,3,3,-1,0,1,2,3,4,0
D_alt,4,-1,3,0,3,1,2,0,3,0,4,1,2
D_aug,1,-1,-1,0,3,3,2,0,0,0,2,3,1
D_aug,2,-1,3,2,1,1,-1,0,3,2,1,1,0
D_aug,3,4,3,2,1,1,-1,4,3,2,1,1,0
D_aug,4,1,-1,3,2,2,-1,1,0,4,2,3,0
D_aug,5,4,3,2,1,-1,-1,0,0,0,0,0,0
D_aug,6,-1,-1,4,2,3,1,0,0,0,0,0,0
D_aug,7,-1,-1,0,3,4,2,0,0,0,0,0,0
D_5,1,1,3,-1,-1,-1,-1,1,3,0,0,0,0
D_5,2,-1,1,3,-1,-1,-1,0,1,3,0,0,0
D_5,3,1,3,3,-1,-1,-1,1,3,4,0,0,0
D_5,4,-1,1,3,4,-1,-1,0,0,0,0,0,0
D_5,5,-1,-1,0,1,3,-1,0,0,0,0,0,0
D_5,6,-1,-1,-1,-1,1,3,0,0,0,0,0,0
D_5,7,1,3,4,-1,-1,-1,0,0,0,0,0,0
D_5,8,-1,-1,3,4,-1,-1,0,0,0,0,0,0
D_5,9,-1,-1,0,1,3,4,0,0,0,0,0,0
D_5,10,-1,4,-1,1,2,-1,0,0,0,0,0,0
D_5,11,-1,-1,0,1,-1,-1,0,0,0,0,0,0
D_5,12,-1,0,0,1,3,-1,0,0,0,0,0,0
D_6,1,-1,-1,0,2,0,2,0,0,0,2,0,3
D_6,2,-1,3,2,2,1,-1,0,4,2,3,1,0
D_6,3,-1,1,3,3,3,3,0,1,3,3,3,4
D_6,4,1,3,1,1,4,1,1,3,1,1,4,1
D_6,5,-1,0,0,1,0,2,0,0,0,0,0,0
D_6,6,1,-1,3,2,4,1,0,0,0,0,0,0
D_6,7,-1,-1,0,2,0,3,0,0,0,0,0,0
D_6,8,-1,-1,3,2,4,1,0,0,0,0,0,0
D_6,9,-1,4,2,3,1,-1,0,0,0,0,0,0
D_6,10,-1,-1,0,3,-1,-1,0,0,0,0,0,0
D_6,11,-1,-1,-1,2,3,4,0,0,0,0,0,0
D_6,12,-1,1,4,-1,-1,-1,0,0,0,0,0,0
D_6,13,-1,-1,3,3,3,3,0,0,0,0,0,0
D_69,1,-1,4,3,1,0,0,0,4,3,1,0,0
D_69,2,-1,2,1,1,2,2,0,2,1,1,3,4
D_69,3,2,1,1,1,2,2,2,1,1,1,3,4
D_69,4,-1,2,2,1,2,2,0,2,2,1,3,4
D_69,5,-1,2,1,1,3,4,0,0,0,0,0,0
D_69,6,2,1,1,1,3,4,0,0,0,0,0,0
D_69,7,-1,-1,2,1,3,4,0,0,0,0,0,0
D_69,8,1,3,4,2,0,0,0,0,0,0,0,0
D_69,9,-1,1,3,4,0,0,0,0,0,0,0,0
D_69,10,-1,1,-1,2,3,0,0,0,0,0,0,0
D_69,11,-1,-1,0,2,0,0,0,0,0,0,0,0
D_69,12,-1,2,3,1,0,0,0,0,0,0,0,0
D_69,13,2,-1,0,3,0,0,0,0,0,0,0,0
D_7,1,-1,-1,0,2,1,2,0,0,0,2,1,3
D_7,2,-1,3,2,3,1,-1,0,3,2,4,1,0
D_7,3,1,1,3,1,3,1,1,1,3,1,4,1
D_7,4,1,3,1,2,1,1,1,3,1,2,1,1
D_7,5,-1,0,0,2,1,3,0,0,0,0,0,0
D_7,6,-1,1,3,1,4,1,0,0,0,0,0,0
D_7,7,1,3,1,2,4,1,0,0,0,0,0,0
D_7,8,-1,-1,0,2,1,3,0,0,0,0,0,0
D_7,9,-1,4,0,1,3,2,0,0,0,0,0,0
D_7,10,-1,3,2,4,1,-1,0,0,0,0,0,0
D_7,11,-1,2,1,3,-1,-1,0,0,0,0,0,0
D_7,12,-1,-1,1,1,1,3,0,0,0,0,0,0
D_7,13,-1,-1,3,2,4,1,0,0,0,0,0,0
D_7,14,1,-1,2,3,-1,-1,0,0,0,0,0,0
D_7,15,-1,-1,2,3,1,4,0,0,0,0,0,0
D_7,16,1,-1,2,4,3,-1,0,0,0,0,0,0
D_7,17,-1,-1,1,3,2,4,0,0,0,0,0,0
D_7,18,2,-1,1,1,1,-1,0,0,0,0,0,0
D_7,19,-1,0,4,1,1,-1,0,0,0,0,0,0
D_7b5,1,-1,-1,0,1,1,2,0,0,0,1,1,2
D_7b5,2,-1,-1,2,3,1,2,0,0,2,4,1,3
D_7b5,3,-1,1,2,1,3,-1,0,1,2,1,3,0
D_7b5,4,2,-1,2,3,1,-1,2,0,3,4,1,0
D_7b5,5,-1,-1,2,4,1,3,0,0,0,0,0,0
D_7b5,6,1,3,2,4,-1,-1,0,0,0,0,0,0
D_aug7,1,-1,-1,0,3,1,2,0,0,0,4,1,2
D_aug7,2,-1,2,1,2,-1,3,0,2,1,3,0,4
D_aug7,3,-1,1,4,1,3,2,0,1,4,1,3,2
D_aug7,4,1,-1,1,2,2,-1,1,0,2,3,4,0
D_aug7,5,-1,1,2,1,1,-1,0,0,0,0,0,0
D_aug7,6,1,-1,1,2,3,1,0,0,0,0,0,0
D_aug7,7,-1,-1,1,2,3,1,0,0,0,0,0,0
D_aug7,8,1,-1,2,3,4,-1,0,0,0,0,0,0
D_9,1,2,2,1,2,2,2,2,2,1,3,3,4
D_9,2,-1,1,0,1,1,2,0,1,0,2,3,4
D_9,3,2,1,2,1,2,-1,2,1,3,1,4,0
D_9,4,1,3,1,2,1,3,1,3,1,2,1,4
D_9,5,-1,0,-1,2,1,0,0,0,0,0,0,0
D_9,6,-1,2,1,3,4,-1,0,0,0,0,0,0
D_9,7,-1,1,3,2,4,0,0,0,0,0,0,0
D_9,8,2,-1,0,3,1,0,0,0,0,0,0,0
D_9,9,-1,2,1,3,3,3,0,0,0,0,0,0
D_9,10,-1,2,-1,1,3,0,0,0,0,0,0,0
D_9,11,-1,1,3,1,1,1,0,0,0,0,0,0
D_9,12,-1,-1,1,3,2,1,0,0,0,0,0,0
D_9,13,-1,1,3,2,4,-1,0,0,0,0,0,0
D_9,14,2,-1,1,3,3,3,0,0,0,0,0,0
D_9b5,1,-1,2,1,2,2,1,0,2,1,3,4,1
D_9b5,2,-1,1,2,1,3,0,0,1,3,2,4,0
D_9b5,3,2,1,2,1,1,2,2,1,3,1,1,4
D_9b5,4,1,2,1,2,-1,3,1,2,1,3,0,4
D_9b5,5,-1,-1,0,1,2,0,0,0,0,0,0,0
D_9b5,6,1,2,1,3,4,1,0,0,0,0,0,0
D_9b5,7,2,1,3,1,1,4,0,0,0,0,0,0
D_aug9,1,-1,2,1,2,2,3,0,2,1,3,3,4
D_aug9,2,-1,3,0,1,3,2,0,3,0,1,4,2
D_aug9,3,2,1,2,1,3,-1,2,1,3,1,4,0
D_aug9,4,1,-1,1,2,2,0,1,0,2,3,4,0
D_aug9,5,-1,1,2,1,1,-1,0,0,0,0,0,0
D_aug9,6,-1,-1,1,3,3,4,0,0,0,0,0,0
D_7b9,1,-1,-1,0,4,3,1,0,0,0,4,3,1
D_7b9,2,-1,2,1,2,1,2,0,2,1,3,1,4
D_7b9,3,-1,2,0,1,3,1,0,2,0,1,4,1
D_7b9,4,3,2,3,1,-1,-1,3,2,4,1,0,0
D_7b9,5,-1,2,1,3,1,-1,0,0,0,0,0,0
D_7b9,6,3,2,4,1,-1,-1,0,0,0,0,0,0
D_7b9,7,1,-1,1,2,1,3,0,0,0,0,0,0
D_7b9,8,-1,2,3,1,4,-1,0,0,0,0,0,0
D_7b9,9,-1,2,1,3,1,4,0,0,0,0,0,0
D_7b9,10,2,-1,1,3,1,-1,0,0,0,0,0,0
D_7b9,11,-1,-1,1,3,2,4,0,0,0,0,0,0
D_7#9,1,-1,2,1,2,3,-1,0,2,1,3,4,0
D_7#9,2,0,0,0,4,1,2,0,0,0,4,1,2
D_7#9,3,-1,2,1,1,1,2,0,2,1,1,1,3
D_7#9,4,1,3,1,2,1,4,1,3,1,2,1,4
D_7#9,5,-1,2,1,3,4,-1,0,0,0,0,0,0
D_7#9,6,2,1,3,3,3,-1,0,0,0,0,0,0
D_11,1,-1,-1,0,0,1,2,0,0,0,0,1,2
D_11,2,-1,3,2,3,1,1,0,3,2,4,1,1
D_11,3,-1,1,1,1,3,1,0,1,1,1,3,1
D_11,4,-1,3,1,1,2,2,1,1,1,2,1,1
D_11,5,-1,0,0,0,1,0,0,0,0,0,0,0
D_11,6,-1,1,1,1,1,1,0,0,0,0,0,0
D_11,7,4,-1,3,2,1,1,0,0,0,0,0,0
D_9#11,1,-1,-1,0,1,1,2,0,0,0,1,2,3
D_9#11,2,-1,2,1,2,2,1,0,2,1,3,4,1
D_9#11,3,-1,3,0,1,3,2,0,3,0,1,4,2
D_9#11,4,2,1,2,1,1,2,2,1,3,1,1,4
D_9#11,5,-1,1,3,1,-1,-1,0,0,0,0,0,0
D_9#11,6,-1,-1,-1,1,3,2,0,0,0,0,0,0
D_9#11,7,2,-1,3,4,1,-1,0,0,0,0,0,0
D_13,1,-1,-1,0,4,1,2,0,0,0,4,1,2
D_13,2,1,1,1,1,3,3,1,1,1,1,3,4
D_13,3,3,2,0,2,0,1,4,2,0,3,0,1
D_13,4,1,-1,1,2,3,-1,1,0,2,3,4,0
D_13,5,-1,2,1,3,3,4,0,0,0,0,0,0
D_13,6,3,-1,4,2,1,1,0,0,0,0,0,0
D_13,7,1,-1,1,2,3,4,0,0,0,0,0,0
D_13,8,1,-1,2,3,4,-1,0,0,0,0,0,0
D_13,9,-1,1,3,1,1,4,0,0,0,0,0,0
D_13,10,-1,2,1,3,0,4,0,0,0,0,0,0
D_13,11,-1,-1,1,2,3,1,0,0,0,0,0,0
D_13,12,-1,1,3,3,2,-1,0,0,0,0,0,0
D_13,13,-1,-1,1,3,3,4,0,0,0,0,0,0
D_13,14,-1,1,-1,2,4,4,0,0,0,0,0,0
D_13,15,-1,0,1,2,2,4,0,0,0,0,0,0
D_13,16,1,3,1,2,4,1,0,0,0,0,0,0
D_13,17,-1,-1,1,2,3,4,0,0,0,0,0,0
D_13,18,-1,2,1,3,1,4,0,0,0,0,0,0
D_maj7,1,-1,-1,0,2,2,2,0,0,0,1,1,1
D_maj7,2,-1,4,3,1,1,1,0,4,3,1,1,1
D_maj7,3,1,1,3,2,3,1,1,1,3,2,4,1
D_maj7,4,-1,-1,1,1,1,3,0,0,1,1,1,4
D_maj7,5,-1,0,0,1,1,1,0,0,0,0,0,0
D_maj7,6,-1,1,3,2,4,1,0,0,0,0,0,0
D_maj7,7,-1,-1,4,3,2,1,0,0,0,0,0,0
D_maj7,8,-1,-1,0,1,1,1,0,0,0,0,0,0
D_maj7,9,-1,1,3,2,4,-1,0,0,0,0,0,0
D_maj7,10,-1,2,1,4,-1,-1,0,0,0,0,0,0
D_maj7b5,1,-1,-1,0,1,2,2,0,0,0,1,2,3
D_maj7b5,2,-1,1,2,2,3,-1,0,1,2,3,4,0
D_maj7b5,3,2,1,3,3,1,1,2,1,3,4,1,1
D_maj7b5,4,1,2,2,2,-1,1,1,2,3,4,0,1
D_maj7#5,1,-1,-1,0,3,2,2,0,0,0,4,2,3
D_maj7#5,2,1,4,3,2,1,1,1,4,3,2,1,1
D_maj7#5,3,-1,1,0,2,3,2,0,1,0,2,4,3
D_maj7#5,4,-1,-1,0,3,3,1,0,0,0,2,3,1
D_maj9,1,-1,4,1,1,1,1,0,4,1,1,1,1
D_maj9,2,-1,2,1,3,1,-1,0,2,1,4,3,0
D_maj9,3,-1,3,0,3,1,3,0,2,0,3,1,4
D_maj9,4,1,-1,2,2,1,3,1,0,2,3,1,4
D_maj9,5,-1,0,4,1,2,0,0,0,0,0,0,0
D_maj9,6,-1,2,1,4,3,-1,0,0,0,0,0,0
D_maj9,7,-1,0,4,1,2,1,0,0,0,0,0,0
D_maj9,8,-1,3,4,1,2,0,0,0,0,0,0,0
D_maj11,1,-1,-1,0,0,2,2,0,0,0,0,1,1
D_maj11,2,1,1,1,2,3,1,1,1,1,2,3,1
D_maj11,3,-1,3,0,1,2,3,0,3,0,1,2,4
D_maj11,4,1,1,2,2,1,1,1,1,2,3,1,1
D_maj13,1,-1,-1,0,4,2,2,0,0,0,3,1,1
D_maj13,2,-1,4,3,3,1,0,0,4,2,3,1,0
D_maj13,3,-1,1,1,2,3,3,0,1,1,2,3,4
D_maj13,4,2,1,1,1,2,1,2,1,1,1,3,1
D_maj13,5,-1,1,1,1,2,1,0,0,0,0,0,0
D_m6,1,-1,-1,0,2,0,1,0,0,0,2,0,1
D_m6,2,-1,3,1,2,1,3,0,3,1,2,1,4
D_m6,3,-1,1,3,-1,2,3,0,1,3,0,2,4
D_m6,4,2,-1,1,2,2,2,2,0,1,3,3,3
D_m6,5,-1,0,0,2,0,1,0,0,0,0,0,0
D_m6,6,-1,1,-1,3,2,4,0,0,0,0,0,0
D_m6,7,1,-1,3,1,4,1,0,0,0,0,0,0
D_m6,8,-1,3,1,2,1,-1,0,0,0,0,0,0
D_m6,9,-1,3,1,2,4,-1,0,0,0,0,0,0
D_m6,10,2,-1,1,3,3,3,0,0,0,0,0,0
D_m6,11,1,4,3,1,1,1,0,0,0,0,0,0
D_m6,12,-1,-1,1,3,1,2,0,0,0,0,0,0
D_m6,13,-1,3,1,2,1,4,0,0,0,0,0,0
D_m6,14,-1,-1,3,1,2,-1,0,0,0,0,0,0
D_m7,1,-1,-1,0,2,1,1,0,0,0,3,1,2
D_m7,2,-1,1,3,1,2,1,0,1,3,1,2,1
D_m7,3,-1,-1,2,2,1,3,0,0,2,3,1,4
D_m7,4,1,3,1,1,1,1,1,3,1,1,1,1
D_m7,5,-1,0,0,2,1,1,0,0,0,0,0,0
D_m7,6,1,3,1,1,4,1,0,0,0,0,0,0
D_m7,7,2,-1,3,3,-1,-1,0,0,0,0,0,0
D_m7,8,2,-1,3,3,3,-1,0,0,0,0,0,0
D_m7,9,-1,2,1,3,4,-1,0,0,0,0,0,0
D_m7,10,-1,2,1,3,-1,-1,0,0,0,0,0,0
D_m7,11,-1,1,-1,2,3,-1,0,0,0,0,0,0
D_m7,12,-1,-1,1,3,1,4,0,0,0,0,0,0
D_m7,13,-1,-1,1,1,1,1,0,0,0,0,0,0
D_m7,14,-1,-1,0,1,3,2,0,0,0,0,0,0
D_m7,15,-1,1,3,1,2,4,0,0,0,0,0,0
D_m7,16,-1,-1,3,1,2,-1,0,0,0,0,0,0
D_m7b5,1,-1,-1,0,1,1,1,0,0,0,1,1,1
D_m7b5,2,-1,3,1,3,1,2,0,3,1,4,1,2
D_m7b5,3,-1,1,2,1,2,-1,0,1,3,2,4,0
D_m7b5,4,-1,1,0,3,2,1,0,1,0,4,3,2
D_m9,1,1,0,0,2,1,0,1,0,0,3,2,0
D_m9,2,-1,3,1,3,3,3,0,2,1,3,4,4
D_m9,3,-1,1,3,1,2,0,0,1,4,2,3,0
D_m9,4,1,3,1,1,1,3,1,3,1,1,1,4
D_m9,5,-1,0,-1,2,1,0,0,0,0,0,0,0
D_m9,6,-1,2,1,3,4,-1,0,0,0,0,0,0
D_m9,7,1,3,1,1,1,4,0,0,0,0,0,0
D_m9,8,-1,-1,1,3,3,3,0,0,0,0,0,0
D_m9,9,-1,-1,1,1,1,3,0,0,0,0,0,0
D_m9,10,-1,-1,2,4,1,3,0,0,0,0,0,0
D_m69,1,-1,4,2,1,0,0,0,4,2,1,0,0
D_m69,2,-1,3,1,2,3,0,0,3,1,2,4,0
D_m69,3,-1,2,0,2,1,2,0,2,0,3,1,4
D_m69,4,-1,3,3,1,3,3,0,2,2,1,3,4
D_m69,5,-1,3,1,2,4,-1,0,0,0,0,0,0
D_m11,1,-1,-1,0,0,1,1,0,0,0,0,1,1
D_m11,2,-1,3,1,3,3,1,0,2,1,3,4,1
D_m11,3,3,1,3,2,1,1,3,1,4,2,1,1
D_m11,4,1,1,1,1,1,3,1,1,1,1,1,4
D_m11,5,2,-1,3,4,1,-1,0,0,0,0,0,0
D_m11,6,-1,-1,1,3,4,1,0,0,0,0,0,0
D_m11,7,-1,-1,2,3,1,4,0,0,0,0,0,0
D_m11,8,-1,-1,1,3,1,1,0,0,0,0,0,0
D_m11,9,-1,2,1,3,4,1,0,0,0,0,0,0
D_m11,10,-1,1,1,1,2,1,0,0,0,0,0,0
D_m11,11,-1,-1,3,1,4,-1,0,0,0,0,0,0
D_m11,12,-1,2,1,3,1,1,0,0,0,0,0,0
D_m11,13,-1,0,2,0,3,0,0,0,0,0,0,0
D_m11,14,2,-1,3,4,1,1,0,0,0,0,0,0
D_m11,15,-1,1,3,1,2,4,0,0,0,0,0,0
D_mmaj7,1,-1,-1,0,2,2,1,0,0,0,2,3,1
D_mmaj7,2,-1,4,2,1,1,0,0,4,2,1,1,0
D_mmaj7,3,1,1,3,2,2,1,1,1,4,2,3,1
D_mmaj7,4,1,3,2,1,1,1,1,3,2,1,1,1
D_mmaj7,5,-1,-1,0,2,3,1,0,0,0,0,0,0
D_mmaj7,6,-1,-1,3,1,2,-1,0,0,0,0,0,0
D_mmaj7b5,1,-1,-1,0,1,2,1,0,0,0,1,3,2
D_mmaj7b5,2,1,2,3,3,3,-1,1,2,3,3,3,0
D_mmaj7b5,3,-1,1,2,2,2,-1,0,1,2,3,4,0
D_mmaj7b5,4,1,2,2,1,-1,1,1,2,2,1,0,1
D_mmaj9,1,-1,3,1,4,3,0,0,2,1,4,3,0
D_mmaj9,2,-1,3,0,2,2,1,0,4,0,2,3,1
D_mmaj9,3,-1,1,0,2,3,2,0,1,0,2,4,3
D_mmaj9,4,1,3,2,1,1,3,1,3,2,1,1,4
D_mmaj11,1,-1,-1,0,0,2,1,0,0,0,0,2,1
D_mmaj11,2,-1,3,1,4,3,1,0,2,1,4,3,1
D_mmaj11,3,1,1,1,3,3,1,1,1,1,2,3,1
D_mmaj11,4,1,1,2,1,1,3,1,1,2,1,1,4
D_add9,1,-1,4,3,1,4,1,0,3,2,1,4,1
D_add9,2,-1,1,3,3,3,0,0,1,2,3,4,0
D_add9,3,-1,-1,0,3,1,4,0,0,0,3,1,4
D_add9,4,-1,-1,3,2,1,3,0,0,3,2,1,4
D_madd9,1,-1,4,2,1,2,0,0,4,2,1,3,0
D_madd9,2,-1,4,2,1,4,-1,0,3,2,1,4,0
D_madd9,3,-1,1,3,3,2,0,0,1,3,4,2,0
D_madd9,4,-1,-1,3,1,1,3,0,0,3,1,1,4
D_/F#,1,2,0,0,2,3,2,1,0,0,2,4,3
D_/F#,2,1,4,3,1,2,1,1,4,3,1,2,1
D_/F#,3,-1,-1,3,1,2,4,0,0,3,1,2,4
D_/A,1,-1,0,0,2,3,2,0,0,0,1,3,2
D_/A,2,1,1,3,3,3,1,1,1,2,3,4,1
D_/A,3,2,2,1,4,4,-1,2,3,1,4,4,0
D_/Bb,1,-1,1,0,2,3,2,0,1,0,2,4,3
D_/Bb,2,-1,1,4,2,3,2,0,1,4,2,3,2
D_/Bb,3,2,1,3,3,3,-1,2,1,3,3,3,0
D_/B,1,-1,2,0,2,3,2,0,1,0,2,4,3
D_/B,2,-1,2,4,2,3,2,0,1,3,1,2,1
D_/B,3,-1,1,3,1,2,4,0,1,3,1,2,4
D_/C,1,-1,3,0,2,3,2,0,3,0,1,4,2
D_/C,2,-1,3,4,2,3,2,0,2,4,1,3,1
D_/C,3,4,1,3,3,3,-1,4,1,3,3,3,0
Dsharp_13,1,-1,2,1,3,3,4,0,0,0,0,0,0
Dsharp_13,2,3,-1,4,2,1,1,0,0,0,0,0,0
Dsharp_13,3,1,-1,1,2,3,4,0,0,0,0,0,0
Dsharp_7#9,1,-1,-1,1,0,3,4,0,0,0,0,0,0
Dsharp_7#9,2,-1,2,1,3,4,-1,0,0,0,0,0,0
Dsharp_7#9,3,1,3,1,2,1,4,0,0,0,0,0,0
Dsharp_9,1,-1,2,1,3,4,-1,0,0,0,0,0,0
Dsharp_9,2,-1,1,3,2,4,-1,0,0,0,0,0,0
Dsharp_9,3,-1,-1,2,1,3,4,0,0,0,0,0,0
Dsharp_9b5,1,-1,-1,1,2,3,1,0,0,0,0,0,0
Dsharp_9b5,2,1,2,1,3,4,1,0,0,0,0,0,0
Dsharp_9b5,3,2,1,3,1,1,4,0,0,0,0,0,0
Dsharp_7,1,-1,3,2,4,1,-1,0,0,0,0,0,0
Dsharp_7,2,-1,1,3,1,4,1,0,0,0,0,0,0
Dsharp_7,3,1,3,1,2,4,1,0,0,0,0,0,0
Dsharp_7,4,-1,2,1,3,-1,-1,0,0,0,0,0,0
Dsharp_dim7,1,2,4,1,3,-1,-1,0,0,0,0,0,0
Dsharp_dim7,2,-1,2,3,1,4,-1,0,0,0,0,0,0
Dsharp_dim7,3,-1,-1,1,3,2,4,0,0,0,0,0,0
Dsharp_dim7,4,-1,2,3,1,4,1,0,0,0,0,0,0
Dsharp_dim7,5,3,-1,1,4,2,-1,0,0,0,0,0,0
Dsharp_dim7,6,-1,0,1,3,2,4,0,0,0,0,0,0
Dsharp_aug,1,-1,3,2,0,0,-1,0,0,0,0,0,0
Dsharp_aug,2,4,3,2,0,-1,-1,0,0,0,0,0,0
Dsharp_aug,3,-1,-1,4,2,3,1,0,0,0,0,0,0
Dsharp_major,1,-1,4,3,1,2,1,0,0,0,0,0,0
Dsharp_major,2,-1,1,3,3,3,-1,0,0,0,0,0,0
Dsharp_major,3,1,3,4,2,1,1,0,0,0,0,0,0
Dsharp_11,1,-1,-1,1,1,2,1,0,0,0,0,0,0
Dsharp_11,2,-1,1,1,1,1,1,0,0,0,0,0,0
Dsharp_11,3,4,-1,3,2,1,1,0,0,0,0,0,0
Dsharp_maj9,1,-1,-1,1,0,4,2,0,0,0,0,0,0
Dsharp_maj9,2,-1,2,1,4,3,-1,0,0,0,0,0,0
Dsharp_maj9,3,-1,-1,4,1,2,1,0,0,0,0,0,0
Dsharp_m11,1,-1,1,1,1,2,1,0,0,0,0,0,0
Dsharp_minor,1,-1,-1,3,2,4,1,0,0,0,0,0,0
Dsharp_minor,2,-1,1,3,4,2,1,0,0,0,0,0,0
Dsharp_minor,3,1,3,4,1,1,1,0,0,0,0,0,0
Dsharp_7b5,1,-1,-1,1,2,3,4,0,0,0,0,0,0
Dsharp_7b5,2,-1,1,2,1,3,-1,0,0,0,0,0,0
Dsharp_7b5,3,-1,-1,2,4,1,3,0,0,0,0,0,0
Dsharp_m7,1,-1,3,1,4,1,-1,0,0,0,0,0,0
Dsharp_m7,2,-1,1,3,1,2,1,0,0,0,0,0,0
Dsharp_m7,3,1,3,1,1,4,1,0,0,0,0,0,0
Dsharp_dim,1,-1,-1,1,2,3,4,0,0,0,0,0,0
Dsharp_dim,2,-1,1,2,3,4,-1,0,0,0,0,0,0
Dsharp_dim,3,-1,-1,4,3,1,2,0,0,0,0,0,0
Dsharp_6,1,-1,4,2,3,1,-1,0,0,0,0,0,0
Dsharp_6,2,-1,1,3,3,3,3,0,0,0,0,0,0
Dsharp_6,3,1,-1,3,2,4,1,0,0,0,0,0,0
Dsharp_aug7,1,-1,1,2,1,1,-1,0,0,0,0,0,0
Dsharp_aug7,2,-1,1,4,1,3,2,0,0,0,0,0,0
Dsharp_aug7,3,1,-1,1,2,3,1,0,0,0,0,0,0
Dsharp_7sus4,1,-1,2,3,4,1,-1,0,0,0,0,0,0
Dsharp_7sus4,2,-1,1,3,1,4,1,0,0,0,0,0,0
Dsharp_7sus4,3,1,3,1,4,1,1,0,0,0,0,0,0
Dsharp_maj7,1,-1,4,3,1,1,1,0,0,0,0,0,0
Dsharp_maj7,2,-1,1,3,2,4,1,0,0,0,0,0,0
Dsharp_maj7,3,-1,-1,4,3,2,1,0,0,0,0,0,0
Dsharp_5,1,-1,1,3,4,-1,-1,0,0,0,0,0,0
Dsharp_5,2,-1,1,3,-1,-1,-1,0,0,0,0,0,0
Dsharp_5,3,1,1,3,-1,-1,-1,0,0,0,0,0,0
Dsharp_m6,1,-1,3,1,2,1,-1,0,0,0,0,0,0
Dsharp_m6,2,-1,1,-1,3,2,4,0,0,0,0,0,0
Dsharp_m6,3,1,-1,3,1,4,1,0,0,0,0,0,0
Dsharp_7b9,1,-1,-1,1,0,3,0,0,0,0,0,0,0
Dsharp_7b9,2,-1,2,1,3,1,-1,0,0,0,0,0,0
Dsharp_7b9,3,1,-1,1,2,1,3,0,0,0,0,0,0
Dsharp_m9,1,-1,2,1,3,4,-1,0,0,0,0,0,0
Dsharp_m9,2,3,1,4,2,-1,-1,0,0,0,0,0,0
Dsharp_m9,3,1,3,1,1,1,4,0,0,0,0,0,0
Dsharp_sus4,1,-1,3,4,1,2,-1,0,0,0,0,0,0
Dsharp_sus4,2,-1,1,2,3,4,1,0,0,0,0,0,0
Dsharp_sus4,3,1,1,3,4,1,1,0,0,0,0,0,0
Dsharp_69,1,-1,-1,1,0,2,3,0,0,0,0,0,0
Dsharp_69,2,-1,2,1,1,3,4,0,0,0,0,0,0
Dsharp_69,3,2,1,1,1,3,4,0,0,0,0,0,0
E_major,1,0,2,2,1,0,0,0,2,3,1,0,0
E_major,2,-1,-1,1,3,4,3,0,0,1,2,4,3
E_major,3,-1,4,3,1,2,1,0,4,3,1,2,1
E_major,4,-1,1,3,3,3,1,0,1,2,3,4,1
E_major,5,0,2,3,1,0,0,0,0,0,0,0,0
E_major,6,0,4,3,1,2,1,0,0,0,0,0,0
E_major,7,0,1,3,3,3,-1,0,0,0,0,0,0
E_major,8,1,4,3,1,2,1,0,0,0,0,0,0
E_major,9,-1,-1,-1,1,3,2,0,0,0,0,0,0
E_major,10,-1,1,2,3,4,1,0,0,0,0,0,0
E_major,11,-1,1,3,3,3,-1,0,0,0,0,0,0
E_major,12,0,2,3,1,-1,-1,0,0,0,0,0,0
E_major,13,1,3,4,2,1,1,0,0,0,0,0,0
E_major,14,-1,-1,1,1,1,-1,0,0,0,0,0,0
E_major,15,-1,-1,-1,3,4,1,0,0,0,0,0,0
E_major,16,-1,-1,1,1,1,4,0,0,0,0,0,0
E_major,17,-1,2,1,-1,-1,-1,0,0,0,0,0,0
E_major,18,-1,-1,1,2,4,3,0,0,0,0,0,0
E_major,19,-1,-1,2,1,0,0,0,0,0,0,0,0
E_major,20,-1,2,3,1,0,0,0,0,0,0,0,0
E_major,21,0,-1,-1,1,3,2,0,0,0,0,0,0
E_major,22,-1,-1,-1,2,1,1,0,0,0,0,0,0
E_major,23,4,2,3,1,0,0,0,0,0,0,0,0
E_major,24,1,4,-1,-1,-1,-1,0,0,0,0,0,0
E_minor,1,0,2,2,0,0,0,0,2,3,0,0,0
E_minor,2,0,1,1,3,4,2,0,1,1,3,4,2
E_minor,3,-1,1,3,3,2,1,0,1,3,4,2,1
E_minor,4,4,2,1,1,-1,-1,4,3,1,2,0,0
E_minor,5,0,2,3,0,0,0,0,0,0,0,0,0
E_minor,6,0,-1,3,2,4,1,0,0,0,0,0,0
E_minor,7,0,1,3,4,2,1,0,0,0,0,0,0
E_minor,8,-1,-1,3,2,4,1,0,0,0,0,0,0
E_minor,9,-1,1,3,4,2,1,0,0,0,0,0,0
E_minor,10,0,2,3,0,-1,-1,0,0,0,0,0,0
E_minor,11,0,-1,-1,-1,2,1,0,0,0,0,0,0
E_minor,12,-1,-1,-1,3,2,1,0,0,0,0,0,0
E_minor,13,-1,3,1,-1,-1,-1,0,0,0,0,0,0
E_minor,14,-1,1,3,2,4,-1,0,0,0,0,0,0
E_minor,15,-1,-1,3,4,2,1,0,0,0,0,0,0
E_minor,16,-1,2,-1,0,4,-1,0,0,0,0,0,0
E_minor,17,0,1,4,0,0,0,0,0,0,0,0,0
E_minor,18,-1,-1,2,0,0,0,0,0,0,0,0,0
E_minor,19,-1,-1,-1,0,0,0,0,0,0,0,0,0
E_minor,20,-1,-1,2,1,3,0,0,0,0,0,0,0
E_minor,21,0,2,3,0,0,4,0,0,0,0,0,0
E_minor,22,4,2,3,0,0,0,0,0,0,0,0,0
E_minor,23,1,1,3,4,2,1,0,0,0,0,0,0
E_dim,1,-1,-1,2,3,-1,3,0,0,1,2,0,3
E_dim,2,-1,3,1,-1,1,2,0,4,1,0,2,3
E_dim,3,-1,1,2,3,2,-1,0,1,2,4,3,0
E_dim,4,3,1,-1,3,2,-1,3,1,0,4,2,0
E_dim,5,0,1,3,0,-1,0,0,0,0,0,0,0
E_dim,6,-1,-1,1,2,4,3,0,0,0,0,0,0
E_dim,7,-1,1,2,4,3,-1,0,0,0,0,0,0
E_dim,8,-1,-1,3,1,4,-1,0,0,0,0,0,0
E_dim,9,-1,3,1,-1,-1,-1,0,0,0,0,0,0
E_dim,10,0,1,2,-1,-1,-1,0,0,0,0,0,0
E_dim,11,-1,1,2,3,-1,-1,0,0,0,0,0,0
E_dim7,1,0,1,2,0,2,0,0,1,2,0,3,0
E_dim7,2,-1,-1,2,3,2,3,0,0,1,3,2,4
E_dim7,3,-1,2,3,1,3,-1,0,2,3,1,4,0
E_dim7,4,2,-1,1,2,1,-1,2,0,1,3,1,0
E_dim7,5,2,4,1,3,-1,-1,0,0,0,0,0,0
E_dim7,6,-1,2,3,1,4,-1,0,0,0,0,0,0
E_dim7,7,-1,-1,1,3,2,4,0,0,0,0,0,0
E_dim7,8,-1,-1,-1,2,1,3,0,0,0,0,0,0
E_dim7,9,-1,3,1,2,-1,-1,0,0,0,0,0,0
E_dim7,10,0,-1,1,3,2,4,0,0,0,0,0,0
E_dim7,11,0,-1,-1,2,1,3,0,0,0,0,0,0
E_sus2,1,1,1,1,3,4,1,1,1,1,3,4,1
E_sus2,2,0,1,3,3,1,1,0,1,3,4,1,1
E_sus2,3,0,1,1,1,0,0,0,1,2,3,0,0
E_sus2,4,1,3,3,-1,1,3,1,3,4,0,1,4
E_sus2,5,-1,-1,1,3,4,1,0,0,0,0,0,0
E_sus2,6,0,1,1,3,4,1,0,0,0,0,0,0
E_sus2,7,1,1,3,4,1,1,0,0,0,0,0,0
E_sus4,1,0,2,2,2,0,0,0,2,3,4,0,0
E_sus4,2,0,1,1,3,4,4,0,1,1,2,3,4
E_sus4,3,1,1,3,3,4,1,1,1,2,3,4,1
E_sus4,4,-1,-1,1,1,2,0,0,0,1,1,2,0
E_sus4,5,0,1,2,3,0,0,0,0,0,0,0,0
E_sus4,6,0,3,4,1,2,0,0,0,0,0,0,0
E_sus4,7,0,-1,1,1,2,4,0,0,0,0,0,0
E_sus4,8,-1,1,3,3,4,-1,0,0,0,0,0,0
E_sus4,9,-1,-1,2,3,0,0,0,0,0,0,0,0
E_sus4,10,0,0,-1,-1,0,-1,0,0,0,0,0,0
E_sus4,11,0,0,-1,-1,0,0,0,0,0,0,0,0
E_sus2sus4,1,0,0,2,2,0,2,0,0,1,2,0,3
E_sus2sus4,2,0,2,2,2,0,2,0,1,2,3,0,4
E_sus2sus4,3,-1,1,1,3,1,1,0,1,1,3,1,1
E_sus2sus4,4,-1,4,1,1,2,2,0,4,1,1,2,2
E_7sus4,1,0,2,0,2,0,0,0,2,0,3,0,0
E_7sus4,2,-1,3,3,3,1,1,0,2,3,4,1,1
E_7sus4,3,1,1,3,1,4,1,1,1,3,1,4,1
E_7sus4,4,-1,-1,1,1,2,2,0,0,1,1,2,3
E_7sus4,5,0,2,0,3,0,0,0,0,0,0,0,0
E_7sus4,6,0,-1,1,3,2,4,0,0,0,0,0,0
E_7sus4,7,0,1,3,1,4,1,0,0,0,0,0,0
E_alt,1,0,1,2,1,-1,-1,0,1,3,2,0,0
E_alt,2,-1,-1,1,2,4,3,0,0,1,2,4,3
E_alt,3,0,3,2,-1,1,2,0,4,2,0,1,3
E_alt,4,0,1,2,3,3,0,0,1,2,3,4,0
E_aug,1,0,3,2,1,1,0,0,4,3,1,2,0
E_aug,2,-1,3,2,1,1,-1,0,3,2,1,1,0
E_aug,3,-1,1,4,3,3,-1,4,3,2,1,1,0
E_aug,4,4,3,2,1,1,0,4,3,2,1,1,0
E_aug,5,4,3,2,1,-1,-1,0,0,0,0,0,0
E_aug,6,0,-1,4,2,3,1,0,0,0,0,0,0
E_aug,7,0,3,2,1,1,-1,0,0,0,0,0,0
E_5,1,1,3,-1,-1,-1,-1,1,3,0,0,0,0
E_5,2,-1,1,3,-1,-1,-1,0,1,3,0,0,0
E_5,3,1,3,3,-1,-1,-1,1,3,4,0,0,0
E_5,4,0,2,2,-1,-1,-1,0,2,3,0,0,0
E_5,5,-1,1,3,4,-1,-1,0,0,0,0,0,0
E_5,6,0,2,-1,-1,-1,-1,0,0,0,0,0,0
E_5,7,0,2,3,-1,0,0,0,0,0,0,0,0
E_5,8,0,1,3,4,0,0,0,0,0,0,0,0
E_5,9,0,1,3,4,-1,-1,0,0,0,0,0,0
E_5,10,0,1,1,3,4,-1,0,0,0,0,0,0
E_5,11,-1,-1,1,1,-1,-1,0,0,0,0,0,0
E_5,12,-1,-1,1,3,4,-1,0,0,0,0,0,0
E_5,13,0,1,3,-1,-1,-1,0,0,0,0,0,0
E_5,14,1,3,4,-1,-1,-1,0,0,0,0,0,0
E_5,15,1,1,3,-1,-1,-1,0,0,0,0,0,0
E_6,1,0,2,2,1,2,0,0,2,3,1,4,0
E_6,2,0,2,2,4,2,4,0,1,1,3,1,4
E_6,3,-1,3,2,2,1,-1,0,4,2,3,1,0
E_6,4,-1,1,3,3,3,3,0,1,3,3,3,3
E_6,5,0,2,3,1,4,0,0,0,0,0,0,0
E_6,6,-1,4,2,3,1,-1,0,0,0,0,0,0
E_6,7,-1,1,4,-1,-1,-1,0,0,0,0,0,0
E_6,8,0,3,-1,-1,-1,-1,0,0,0,0,0,0
E_6,9,0,2,3,1,4,-1,0,0,0,0,0,0
E_6,10,0,-1,3,3,3,3,0,0,0,0,0,0
E_6,11,-1,-1,3,2,4,1,0,0,0,0,0,0
E_6,12,-1,-1,3,3,3,3,0,0,0,0,0,0
E_69,1,0,2,2,1,2,2,0,2,2,1,3,4
E_69,2,-1,2,1,1,2,2,0,2,1,1,3,4
E_69,3,-1,1,1,1,1,1,0,1,1,1,1,1
E_69,4,0,1,1,1,2,2,0,1,1,1,3,4
E_69,5,0,-1,2,1,3,4,0,0,0,0,0,0
E_69,6,0,2,1,1,3,4,0,0,0,0,0,0
E_69,7,0,1,1,1,2,3,0,0,0,0,0,0
E_7,1,0,2,0,1,0,0,0,2,0,1,0,0
E_7,2,-1,3,2,3,1,-1,0,3,2,4,1,0
E_7,3,1,1,3,1,3,1,1,1,3,1,4,1
E_7,4,-1,-1,1,1,1,2,0,0,1,1,1,2
E_7,5,0,2,0,1,4,0,0,0,0,0,0,0
E_7,6,0,3,2,4,1,0,0,0,0,0,0,0
E_7,7,0,1,3,1,4,1,0,0,0,0,0,0
E_7,8,-1,1,3,1,4,1,0,0,0,0,0,0
E_7,9,0,2,3,1,4,0,0,0,0,0,0,0
E_7,10,-1,3,2,4,1,-1,0,0,0,0,0,0
E_7,11,0,2,1,3,0,4,0,0,0,0,0,0
E_7,12,-1,-1,-1,2,1,3,0,0,0,0,0,0
E_7,13,-1,2,1,3,-1,-1,0,0,0,0,0,0
E_7,14,-1,-1,1,3,2,4,0,0,0,0,0,0
E_7,15,0,-1,1,3,-1,-1,0,0,0,0,0,0
E_7,16,-1,2,0,1,4,0,0,0,0,0,0,0
E_7,17,0,4,-1,-1,-1,-1,0,0,0,0,0,0
E_7,18,-1,-1,2,1,4,0,0,0,0,0,0,0
E_7,19,-1,-1,-1,1,1,2,0,0,0,0,0,0
E_7,20,-1,1,-1,2,4,0,0,0,0,0,0,0
E_7,21,-1,1,-1,1,3,1,0,0,0,0,0,0
E_7,22,-1,2,1,3,-1,4,0,0,0,0,0,0
E_7b5,1,0,1,0,1,3,0,0,1,0,2,4,0
E_7b5,2,-1,-1,2,3,3,4,0,0,1,2,3,4
E_7b5,3,-1,-1,2,3,1,2,0,0,2,4,1,3
E_7b5,4,-1,1,2,1,3,-1,0,1,2,1,3,0
E_7b5,5,0,1,0,2,-1,0,0,0,0,0,0,0
E_7b5,6,0,1,2,1,3,-1,0,0,0,0,0,0
E_7b5,7,0,-1,2,4,1,3,0,0,0,0,0,0
E_aug7,1,0,3,0,1,1,0,0,4,0,1,2,0
E_aug7,2,-1,-1,1,4,2,3,0,0,1,4,2,3
E_aug7,3,-1,1,4,1,3,2,0,1,4,1,3,2
E_aug7,4,1,-1,1,2,2,-1,1,0,2,3,4,0
E_aug7,5,0,-1,0,2,3,0,0,0,0,0,0,0
E_aug7,6,0,1,2,1,1,-1,0,0,0,0,0,0
E_aug7,7,0,1,4,1,3,2,0,0,0,0,0,0
E_aug7,8,0,-1,0,1,1,-1,0,0,0,0,0,0
E_aug7,9,0,-1,1,3,4,2,0,0,0,0,0,0
E_aug7,10,0,-1,-1,1,4,2,0,0,0,0,0,0
E_9,1,0,2,0,1,0,2,0,2,0,1,0,3
E_9,2,4,-1,2,4,3,2,3,0,1,4,2,1
E_9,3,2,2,1,2,2,2,2,2,1,3,3,4
E_9,4,0,1,1,1,1,2,0,1,1,1,1,2
E_9,5,0,2,0,1,4,3,0,0,0,0,0,0
E_9,6,0,2,1,3,4,0,0,0,0,0,0,0
E_9,7,0,1,3,2,4,0,0,0,0,0,0,0
E_9b5,1,0,1,2,1,3,2,0,1,2,1,4,3
E_9b5,2,0,3,2,1,1,2,0,4,2,1,1,3
E_9b5,3,-1,2,1,2,2,1,0,2,1,3,4,1
E_9b5,4,0,3,2,1,3,0,0,3,2,1,4,0
E_9b5,5,0,-1,1,2,3,1,0,0,0,0,0,0
E_9b5,6,1,2,1,3,4,1,0,0,0,0,0,0
E_9b5,7,0,1,2,1,1,3,0,0,0,0,0,0
E_aug9,1,0,3,0,1,3,2,0,3,0,1,4,2
E_aug9,2,0,2,1,2,2,1,0,2,1,3,4,1
E_aug9,3,-1,2,1,2,2,3,0,2,1,3,3,4
E_aug9,4,0,1,2,1,1,2,0,1,2,1,1,3
E_7b9,1,0,2,0,1,0,1,0,3,0,1,0,2
E_7b9,2,0,2,0,1,3,1,0,3,0,1,4,1
E_7b9,3,-1,2,1,2,1,2,0,2,1,3,1,4
E_7b9,4,3,2,3,1,-1,-1,3,2,4,1,0,0
E_7b9,5,0,-1,0,1,0,2,0,0,0,0,0,0
E_7b9,6,0,2,1,3,1,-1,0,0,0,0,0,0
E_7b9,7,0,2,3,1,0,0,0,0,0,0,0,0
E_7b9,8,-1,2,1,3,1,-1,0,0,0,0,0,0
E_7b9,9,0,2,3,1,4,0,0,0,0,0,0,0
E_7b9,10,0,-1,1,3,2,-1,0,0,0,0,0,0
E_7#9,1,0,2,0,1,0,3,0,2,0,1,0,4
E_7#9,2,0,3,0,0,1,2,0,3,0,0,1,2
E_7#9,3,-1,2,1,2,3,-1,0,2,1,3,4,0
E_7#9,4,0,2,1,1,1,2,0,2,1,1,1,3
E_7#9,5,0,-1,2,1,3,4,0,0,0,0,0,0
E_7#9,6,0,2,1,3,4,0,0,0,0,0,0,0
E_7#9,7,0,1,3,3,3,0,0,0,0,0,0,0
E_7#9,8,-1,2,1,3,4,-1,0,0,0,0,0,0
E_7#9,9,0,-1,-1,-1,3,4,0,0,0,0,0,0
E_7#9,10,-1,-1,2,1,4,4,0,0,0,0,0,0
E_7#9,11,0,2,1,3,4,-1,0,0,0,0,0,0
E_11,1,0,0,0,1,0,0,0,0,0,1,0,0
E_11,2,0,0,4,4,3,4,0,0,2,3,1,4
E_11,3,-1,3,2,3,1,1,0,3,2,4,1,1
E_11,4,-1,1,1,1,3,1,0,1,1,1,3,1
E_11,5,0,1,1,1,2,1,0,0,0,0,0,0
E_11,6,0,1,1,1,1,1,0,0,0,0,0,0
E_11,7,0,-1,3,2,1,0,0,0,0,0,0,0
E_9#11,1,0,1,0,1,0,0,0,1,0,2,0,0
E_9#11,2,0,3,0,1,3,2,0,3,0,1,4,2
E_9#11,3,-1,2,1,2,2,1,0,2,1,3,4,1
E_9#11,4,2,1,2,1,1,2,2,1,3,1,1,4
E_9#11,5,-1,1,3,1,-1,-1,0,0,0,0,0,0
E_9#11,6,-1,-1,-1,1,3,2,0,0,0,0,0,0
E_13,1,0,2,0,1,2,0,0,2,0,1,3,0
E_13,2,0,0,0,1,2,2,0,0,0,1,2,3
E_13,3,0,1,2,2,1,0,0,1,3,4,2,0
E_13,4,1,1,1,1,3,3,1,1,1,1,3,4
E_13,5,0,-1,0,1,2,3,0,0,0,0,0,0
E_13,6,0,-1,1,2,3,4,0,0,0,0,0,0
E_13,7,0,-1,4,3,1,1,0,0,0,0,0,0
E_13,8,0,2,0,1,3,0,0,0,0,0,0,0
E_13,9,-1,2,1,3,3,4,0,0,0,0,0,0
E_13,10,-1,1,3,4,2,-1,0,0,0,0,0,0
E_13,11,-1,-1,1,3,3,4,0,0,0,0,0,0
E_13,12,0,1,3,4,2,-1,0,0,0,0,0,0
E_13,13,0,-1,-1,1,3,2,0,0,0,0,0,0
E_maj7,1,0,2,1,1,0,0,0,3,1,2,0,0
E_maj7,2,-1,-1,2,4,4,4,0,0,1,3,3,3
E_maj7,3,-1,4,3,1,1,1,0,4,3,1,1,1
E_maj7,4,1,1,3,2,3,1,1,1,3,2,4,1
E_maj7,5,0,3,1,2,0,0,0,0,0,0,0,0
E_maj7,6,0,4,3,1,1,1,0,0,0,0,0,0
E_maj7,7,0,1,3,2,4,1,0,0,0,0,0,0
E_maj7,8,-1,1,3,2,4,-1,0,0,0,0,0,0
E_maj7,9,0,-1,3,2,0,0,0,0,0,0,0,0
E_maj7,10,0,1,3,4,0,0,0,0,0,0,0,0
E_maj7,11,-1,1,1,4,4,4,0,0,0,0,0,0
E_maj7,12,-1,1,3,2,4,1,0,0,0,0,0,0
E_maj7b5,1,0,1,1,1,4,0,0,1,1,1,4,0
E_maj7b5,2,-1,-1,2,3,4,4,0,0,1,2,3,4
E_maj7b5,3,-1,1,2,2,3,-1,0,1,2,3,4,0
E_maj7b5,4,0,1,3,3,1,1,0,1,3,4,1,1
E_maj7#5,1,0,3,2,1,4,4,0,3,2,1,4,4
E_maj7#5,2,1,4,3,2,1,1,1,4,3,2,1,1
E_maj7#5,3,-1,1,4,2,3,-1,0,1,4,2,3,0
E_maj7#5,4,0,3,2,1,1,3,0,3,2,1,1,4
E_maj9,1,0,2,1,1,0,2,0,3,1,2,0,4
E_maj9,2,4,2,2,4,4,2,2,1,1,3,4,1
E_maj9,3,-1,2,1,3,2,-1,0,2,1,4,3,0
E_maj9,4,-1,-1,1,3,1,3,0,0,1,3,1,4
E_maj9,5,0,3,1,2,0,4,0,0,0,0,0,0
E_maj9,6,0,4,1,1,1,1,0,0,0,0,0,0
E_maj9,7,0,2,1,4,3,0,0,0,0,0,0,0
E_maj9,8,0,2,1,4,3,-1,0,0,0,0,0,0
E_maj9,9,0,3,4,2,0,0,0,0,0,0,0,0
E_maj11,1,0,0,1,1,0,0,0,0,1,2,0,0
E_maj11,2,0,0,3,1,1,2,0,0,3,1,1,2
E_maj11,3,1,1,1,2,3,1,1,1,1,2,3,1
E_maj11,4,0,3,1,1,2,3,0,3,1,1,2,4
E_maj13,1,0,2,1,1,2,2,0,2,1,1,3,4
E_maj13,2,-1,4,3,3,1,1,0,4,2,3,1,1
E_maj13,3,-1,1,1,2,3,3,0,1,1,2,3,4
E_maj13,4,2,1,1,1,2,1,2,1,1,1,3,1
E_m6,1,0,2,2,0,2,0,0,1,2,0,3,0
E_m6,2,0,2,2,4,2,3,0,1,1,3,1,2
E_m6,3,-1,3,1,2,1,3,0,3,1,2,1,4
E_m6,4,-1,-1,2,2,1,2,0,0,2,3,1,4
E_m6,5,0,2,3,0,4,0,0,0,0,0,0,0
E_m6,6,0,3,1,2,1,-1,0,0,0,0,0,0
E_m6,7,0,1,-1,3,2,4,0,0,0,0,0,0
E_m7,1,0,2,2,0,3,0,0,2,3,0,4,0
E_m7,2,0,2,0,0,0,0,0,2,0,0,0,0
E_m7,3,0,2,2,4,3,3,0,1,1,4,2,3
E_m7,4,1,1,3,1,2,1,1,1,3,1,2,1
E_m7,5,-1,-1,2,2,1,3,0,0,2,3,1,4
E_m7,6,0,2,0,0,4,0,0,0,0,0,0,0
E_m7,7,0,-1,3,2,1,0,0,0,0,0,0,0
E_m7,8,0,1,3,1,2,1,0,0,0,0,0,0
E_m7,9,0,1,2,0,4,0,0,0,0,0,0,0
E_m7,10,-1,-1,1,0,3,4,0,0,0,0,0,0
E_m7,11,2,-1,3,3,-1,-1,0,0,0,0,0,0
E_m7,12,2,-1,3,3,3,-1,0,0,0,0,0,0
E_m7,13,-1,2,1,3,-1,-1,0,0,0,0,0,0
E_m7,14,-1,2,1,3,4,-1,0,0,0,0,0,0
E_m7,15,2,-1,3,3,3,3,0,0,0,0,0,0
E_m7,16,1,3,1,1,1,1,0,0,0,0,0,0
E_m7,17,-1,1,3,1,2,1,0,0,0,0,0,0
E_m7,18,-1,2,-1,3,4,-1,0,0,0,0,0,0
E_m7,19,-1,-1,1,1,1,1,0,0,0,0,0,0
E_m7,20,-1,-1,1,3,2,2,0,0,0,0,0,0
E_m7,21,0,1,0,0,3,4,0,0,0,0,0,0
E_m7,22,0,-1,-1,1,3,2,0,0,0,0,0,0
E_m7,23,-1,-1,2,0,4,0,0,0,0,0,0,0
E_m7,24,-1,-1,1,3,1,4,0,0,0,0,0,0
E_m7,25,2,-1,1,4,3,-1,0,0,0,0,0,0
E_m7b5,1,0,1,2,3,3,3,0,1,2,3,3,3
E_m7b5,2,-1,1,2,1,2,-1,0,1,3,2,4,0
E_m7b5,3,-1,-1,1,2,1,3,0,0,1,2,1,4
E_m7b5,4,2,-1,2,2,1,-1,2,0,3,4,1,0
E_m9,1,0,2,0,0,0,2,0,2,0,0,0,4
E_m9,2,0,2,2,0,3,2,0,1,2,0,4,3
E_m9,3,-1,3,1,3,3,3,0,2,1,3,4,4
E_m9,4,0,1,3,2,3,1,0,1,3,2,4,1
E_m9,5,0,1,2,0,4,3,0,0,0,0,0,0
E_m9,6,0,2,1,3,4,0,0,0,0,0,0,0
E_m9,7,0,1,3,2,4,0,0,0,0,0,0,0
E_m9,8,0,1,0,0,0,3,0,0,0,0,0,0
E_m9,9,-1,2,1,3,4,-1,0,0,0,0,0,0
E_m9,10,0,1,3,2,0,0,0,0,0,0,0,0
E_m9,11,0,1,3,0,2,0,0,0,0,0,0,0
E_m69,1,0,2,2,0,2,2,0,1,1,0,2,3
E_m69,2,3,-1,2,4,2,2,2,0,1,3,1,1
E_m69,3,-1,3,1,2,3,3,0,3,1,2,4,4
E_m69,4,0,1,2,2,3,0,0,1,2,3,4,0
E_m69,5,0,1,4,0,2,0,0,0,0,0,0,0
E_m11,1,0,0,0,0,0,2,0,0,0,0,0,1
E_m11,2,0,0,3,2,1,0,0,0,3,2,1,0
E_m11,3,-1,3,1,3,3,1,0,2,1,3,4,1
E_m11,4,3,1,3,2,1,1,3,1,4,2,1,1
E_m11,5,2,-1,3,4,1,-1,0,0,0,0,0,0
E_m11,6,-1,1,1,1,2,-1,0,0,0,0,0,0
E_m11,7,-1,1,1,1,1,-1,0,0,0,0,0,0
E_m11,8,-1,2,-1,3,4,1,0,0,0,0,0,0
E_m11,9,0,1,1,1,2,1,0,0,0,0,0,0
E_m11,10,-1,2,1,3,4,1,0,0,0,0,0,0
E_m11,11,0,-1,2,3,1,4,0,0,0,0,0,0
E_m11,12,0,1,3,0,2,4,0,0,0,0,0,0
E_m11,13,0,3,1,0,0,0,0,0,0,0,0,0
E_m11,14,0,1,4,0,-1,-1,0,0,0,0,0,0
E_m11,15,0,-1,-1,1,2,1,0,0,0,0,0,0
E_mmaj7,1,0,2,1,0,0,0,0,2,1,0,0,0
E_mmaj7,2,0,2,2,4,4,3,0,1,1,3,4,2
E_mmaj7,3,-1,4,2,1,1,-1,0,4,2,1,1,0
E_mmaj7,4,1,1,3,2,2,1,1,1,4,2,3,1
E_mmaj7b5,1,0,1,1,0,-1,0,0,1,2,0,0,0
E_mmaj7b5,2,-1,-1,2,3,4,3,0,0,1,2,4,3
E_mmaj7b5,3,1,2,3,3,3,-1,1,2,3,3,3,0
E_mmaj7b5,4,-1,1,2,2,2,-1,0,1,2,3,4,0
E_mmaj9,1,0,2,1,0,0,2,0,2,1,0,0,3
E_mmaj9,2,0,-1,4,4,4,3,0,0,2,2,4,1
E_mmaj9,3,0,4,3,2,1,0,0,4,3,2,1,0
E_mmaj9,4,1,3,2,1,1,3,1,3,2,1,1,4
E_mmaj9,5,0,4,3,2,1,1,0,0,0,0,0,0
E_mmaj11,1,0,0,1,0,0,2,0,0,1,0,0,3
E_mmaj11,2,-1,2,2,2,4,3,0,1,1,1,3,2
E_mmaj11,3,-1,3,1,4,3,1,0,2,1,4,3,1
E_mmaj11,4,1,1,1,2,2,1,1,1,1,2,3,1
E_add9,1,0,2,2,1,0,2,0,2,3,1,0,4
E_add9,2,-1,4,3,1,4,1,0,3,2,1,4,1
E_add9,3,-1,2,1,-1,2,2,0,2,1,0,3,4
E_add9,4,-1,-1,3,2,1,3,0,0,3,2,1,4
E_add9,5,0,2,4,1,0,0,0,0,0,0,0,0
E_madd9,1,-1,-1,3,1,1,3,0,0,3,1,1,4
E_madd9,2,-1,4,2,1,4,-1,0,3,2,1,4,0
E_madd9,3,-1,3,1,0,1,3,0,3,1,0,2,4
E_madd9,4,-1,1,3,0,2,1,0,1,4,0,3,2
E_/B,1,-1,2,2,1,0,0,0,2,3,1,0,0
E_/B,2,-1,1,1,3,4,3,0,1,1,3,4,3
E_/B,3,1,1,3,3,3,1,1,1,2,3,4,1
E_m/B,1,-1,2,2,0,0,0,0,1,2,0,0,0
E_m/B,2,-1,2,2,0,0,3,0,1,2,0,0,3
E_m/B,3,-1,1,1,3,4,2,0,1,1,3,4,2
E_m/B,4,1,1,3,3,2,1,1,1,3,4,2,1
E_/C#,1,-1,1,3,1,2,1,0,1,3,1,2,1
E_/C#,2,-1,1,3,1,2,4,0,1,3,1,2,4
E_/C#,3,1,3,1,1,4,4,1,3,1,1,4,4
E_m/C#,1,-1,4,2,0,0,0,0,3,1,0,0,0
E_m/C#,2,-1,1,2,1,2,4,0,1,2,1,3,4
E_m/C#,3,1,2,1,4,4,4,1,2,1,4,4,4
E_/D,1,-1,-1,0,1,0,0,0,0,0,1,0,0
E_/D,2,-1,2,3,1,2,1,0,2,4,1,3,1
E_/D,3,-1,4,1,3,4,3,0,3,1,2,4,2
E_m/D,1,-1,-1,0,0,0,0,0,0,0,0,0,0
E_m/D,2,-1,2,2,1,2,-1,0,2,3,1,4,0
E_m/D,3,-1,-1,1,1,1,1,0,0,1,1,1,1
E_/D#,1,-1,-1,1,1,0,0,0,0,1,2,0,0
E_/D#,2,-1,3,3,1,2,1,0,3,4,1,2,1
E_/D#,3,3,3,1,1,4,4,2,3,1,1,4,4
E_m/D#,1,-1,-1,1,0,0,0,0,0,1,0,0,0
E_m/D#,2,-1,3,2,1,2,-1,0,4,2,1,3,0
E_m/D#,3,-1,1,4,4,3,-1,0,1,3,4,2,0
E_/F,1,1,2,2,1,0,0,1,3,4,2,0,0
E_/F,2,-1,-1,3,1,0,0,0,0,3,1,0,0
E_/F,3,-1,-1,1,2,3,2,0,0,1,2,4,3
E_/F#,1,2,2,2,1,0,0,2,3,4,1,0,0
E_/F#,2,-1,-1,1,1,2,1,0,0,1,1,2,1
E_/F#,3,1,1,1,3,4,3,1,1,1,3,4,3
E_/G,1,3,2,2,1,0,0,4,2,3,1,0,0
E_/G,2,2,1,1,3,4,3,2,1,1,3,4,3
E_/G,3,-1,-1,2,1,2,1,0,0,3,1,4,2
E_/G#,1,-1,-1,-1,1,0,0,0,0,0,1,0,0
E_/G#,2,4,2,2,1,0,0,4,2,3,1,0,0
E_/G#,3,1,4,3,1,2,1,1,4,3,1,2,1
E_/G#,4,3,1,1,3,4,-1,2,1,1,3,4,0
E_m/F,1,-1,-1,3,0,0,0,0,0,1,0,0,0
E_m/F,2,1,2,2,0,0,0,1,2,3,0,0,0
E_m/F,3,1,2,2,0,0,3,1,2,3,0,0,4
E_m/F#,1,2,2,2,0,0,0,1,2,3,0,0,0
E_m/F#,2,2,2,2,0,0,3,1,2,3,0,0,4
E_m/F#,3,1,1,1,3,4,2,1,1,1,3,4,2
E_m/G,1,3,2,2,0,0,0,3,1,2,0,0,0
E_m/G,2,3,2,2,0,0,3,3,1,2,0,0,4
E_m/G,3,2,1,1,3,4,0,2,1,1,3,4,0
E_m/G#,1,4,2,2,0,0,0,4,1,2,0,0,0
E_m/G#,2,1,4,2,1,2,-1,1,4,2,1,3,0
E_m/G#,3,-1,-1,4,2,3,1,0,0,4,2,3,1
Eb_major,1,-1,-1,1,3,4,3,0,0,1,2,4,3
Eb_major,2,-1,4,3,1,2,1,0,4,3,1,2,1
Eb_major,3,-1,1,3,3,3,1,0,1,2,3,4,1
Eb_major,4,-1,-1,1,1,1,4,0,0,1,1,1,4
Eb_major,5,-1,1,3,3,3,-1,0,0,0,0,0,0
Eb_major,6,1,3,4,2,1,1,0,0,0,0,0,0
Eb_major,7,-1,1,-1,0,4,-1,0,0,0,0,0,0
Eb_major,8,-1,-1,-1,3,4,1,0,0,0,0,0,0
Eb_major,9,-1,3,1,1,1,-1,0,0,0,0,0,0
Eb_major,10,1,-1,3,3,3,-1,0,0,0,0,0,0
Eb_major,11,-1,1,1,3,4,-1,0,0,0,0,0,0
Eb_major,12,-1,-1,3,1,2,-1,0,0,0,0,0,0
Eb_major,13,-1,-1,1,1,1,-1,0,0,0,0,0,0
Eb_major,14,-1,1,2,3,4,1,0,0,0,0,0,0
Eb_major,15,1,1,3,3,3,-1,0,0,0,0,0,0
Eb_major,16,-1,-1,1,4,-1,-1,0,0,0,0,0,0
Eb_major,17,-1,-1,-1,2,1,1,0,0,0,0,0,0
Eb_major,18,-1,4,3,1,2,-1,0,0,0,0,0,0
Eb_minor,1,-1,-1,1,3,4,2,0,0,1,3,4,2
Eb_minor,2,-1,-1,4,3,4,2,0,0,3,2,4,1
Eb_minor,3,1,1,3,3,2,1,1,1,3,4,2,1
Eb_minor,4,1,3,3,1,1,1,1,3,4,1,1,1
Eb_minor,5,-1,-1,3,2,4,1,0,0,0,0,0,0
Eb_minor,6,-1,1,3,4,2,1,0,0,0,0,0,0
Eb_minor,7,1,3,4,1,1,1,0,0,0,0,0,0
Eb_minor,8,-1,-1,2,1,3,-1,0,0,0,0,0,0
Eb_minor,9,-1,1,3,4,2,-1,0,0,0,0,0,0
Eb_dim,1,-1,-1,1,2,-1,2,0,0,1,2,0,3
Eb_dim,2,-1,3,1,-1,1,2,0,4,1,0,2,3
Eb_dim,3,-1,1,2,3,2,-1,0,1,2,4,3,0
Eb_dim,4,3,1,-1,3,2,-1,3,1,0,4,2,0
Eb_dim,5,-1,-1,1,2,4,3,0,0,0,0,0,0
Eb_dim,6,-1,1,2,3,4,-1,0,0,0,0,0,0
Eb_dim,7,-1,-1,4,3,1,2,0,0,0,0,0,0
Eb_dim,8,-1,-1,3,1,4,-1,0,0,0,0,0,0
Eb_dim7,1,-1,-1,1,2,1,2,0,0,1,3,2,4
Eb_dim7,2,-1,2,3,1,3,1,0,2,3,1,4,1
Eb_dim7,3,-1,-1,1,2,1,2,0,0,1,3,2,4
Eb_dim7,4,2,-1,1,2,1,-1,2,0,1,3,1,0
Eb_dim7,5,2,4,1,3,-1,-1,0,0,0,0,0,0
Eb_dim7,6,-1,2,3,1,4,-1,0,0,0,0,0,0
Eb_dim7,7,-1,-1,1,3,2,4,0,0,0,0,0,0
Eb_dim7,8,2,-1,1,3,1,-1,0,0,0,0,0,0
Eb_dim7,9,-1,2,3,1,4,1,0,0,0,0,0,0
Eb_sus2,1,1,1,1,3,4,1,1,1,1,3,4,1
Eb_sus2,2,1,1,3,3,1,1,1,1,3,4,1,1
Eb_sus2,3,4,1,1,3,4,-1,3,1,1,2,4,0
Eb_sus2,4,1,3,3,-1,1,3,1,2,3,0,1,4
Eb_sus2,5,-1,1,3,4,1,1,0,0,0,0,0,0
Eb_sus2,6,-1,1,3,4,1,-1,0,0,0,0,0,0
Eb_sus4,1,-1,-1,1,3,4,4,0,0,1,2,3,4
Eb_sus4,2,1,1,3,3,4,1,1,1,2,3,4,1
Eb_sus4,3,-1,-1,1,1,2,-1,0,0,1,1,2,0
Eb_sus4,4,1,3,3,3,1,1,1,2,3,4,1,1
Eb_sus4,5,-1,3,4,1,2,-1,0,0,0,0,0,0
Eb_sus4,6,-1,1,2,3,4,1,0,0,0,0,0,0
Eb_sus4,7,1,1,3,4,1,1,0,0,0,0,0,0
Eb_sus2sus4,1,-1,1,1,3,1,1,0,1,1,3,1,1
Eb_sus2sus4,2,-1,4,1,1,2,2,0,4,1,1,2,2
Eb_sus2sus4,3,1,1,3,3,1,3,1,1,2,3,1,4
Eb_7sus4,1,-1,-1,1,3,2,4,0,0,1,3,2,4
Eb_7sus4,2,-1,3,3,3,1,1,0,2,3,4,1,1
Eb_7sus4,3,1,1,3,1,4,1,1,1,3,1,4,1
Eb_7sus4,4,1,3,1,3,1,1,1,3,1,4,1,1
Eb_7sus4,5,-1,2,3,4,1,-1,0,0,0,0,0,0
Eb_7sus4,6,-1,1,3,1,4,1,0,0,0,0,0,0
Eb_7sus4,7,1,3,1,4,1,1,0,0,0,0,0,0
Eb_7sus4,8,-1,2,2,3,-1,-1,0,0,0,0,0,0
Eb_alt,1,-1,-1,1,2,4,3,0,0,1,2,4,3
Eb_alt,2,-1,3,2,0,1,2,0,4,2,0,1,3
Eb_alt,3,-1,1,2,0,3,-1,0,1,2,0,3,0
Eb_alt,4,2,1,-1,3,1,2,2,1,0,4,1,3
Eb_aug,1,-1,-1,3,2,2,1,0,0,4,2,3,1
Eb_aug,2,-1,3,2,1,1,-1,0,3,2,1,1,0
Eb_aug,3,4,3,2,1,1,-1,4,3,2,1,1,0
Eb_aug,4,1,-1,3,2,2,-1,1,0,4,2,3,0
Eb_aug,5,-1,2,-1,0,0,1,0,0,0,0,0,0
Eb_aug,6,-1,1,-1,0,0,4,0,0,0,0,0,0
Eb_aug,7,-1,3,2,0,0,-1,0,0,0,0,0,0
Eb_aug,8,4,3,2,0,-1,-1,0,0,0,0,0,0
Eb_aug,9,-1,-1,4,2,3,1,0,0,0,0,0,0
Eb_5,1,1,3,-1,-1,-1,-1,1,3,0,0,0,0
Eb_5,2,-1,1,3,-1,-1,-1,0,1,3,0,0,0
Eb_5,3,1,3,3,-1,-1,-1,1,3,4,0,0,0
Eb_6,1,-1,-1,1,3,1,3,0,0,1,3,1,4
Eb_6,2,-1,3,2,2,1,-1,0,4,2,3,1,0
Eb_6,3,-1,1,3,3,3,3,0,1,3,3,3,3
Eb_6,4,2,-1,1,3,2,-1,2,0,1,4,3,0
Eb_6,5,-1,4,2,3,1,-1,0,0,0,0,0,0
Eb_6,6,1,-1,3,2,4,1,0,0,0,0,0,0
Eb_6,7,-1,-1,-1,1,1,1,0,0,0,0,0,0
Eb_6,8,-1,-1,3,2,4,1,0,0,0,0,0,0
Eb_6,9,-1,-1,3,2,4,-1,0,0,0,0,0,0
Eb_69,1,-1,-1,1,0,1,1,0,0,2,0,3,4
Eb_69,2,-1,3,3,3,4,3,0,1,1,1,2,1
Eb_69,3,-1,2,1,1,2,2,0,2,1,1,3,4
Eb_69,4,2,1,1,1,2,2,2,1,1,1,3,4
Eb_69,5,-1,-1,1,0,2,3,0,0,0,0,0,0
Eb_69,6,-1,2,1,1,3,4,0,0,0,0,0,0
Eb_69,7,2,1,1,1,3,4,0,0,0,0,0,0
Eb_69,8,-1,-1,1,3,1,1,0,0,0,0,0,0
Eb_69,9,-1,2,-1,1,3,-1,0,0,0,0,0,0
Eb_7,1,-1,-1,1,3,2,3,0,0,1,3,2,4
Eb_7,2,-1,1,3,1,3,1,0,1,3,1,4,1
Eb_7,3,-1,-1,1,1,1,2,0,0,1,1,1,2
Eb_7,4,1,3,1,2,1,1,1,3,1,2,1,1
Eb_7,5,-1,3,2,4,1,-1,0,0,0,0,0,0
Eb_7,6,-1,1,3,1,4,1,0,0,0,0,0,0
Eb_7,7,1,3,1,2,4,1,0,0,0,0,0,0
Eb_7,8,-1,-1,-1,2,1,3,0,0,0,0,0,0
Eb_7,9,-1,2,1,3,-1,-1,0,0,0,0,0,0
Eb_7,10,-1,-1,-1,1,4,1,0,0,0,0,0,0
Eb_7,11,-1,-1,2,3,1,-1,0,0,0,0,0,0
Eb_7,12,-1,-1,-1,3,2,1,0,0,0,0,0,0
Eb_7,13,3,-1,2,4,1,-1,0,0,0,0,0,0
Eb_7,14,3,-1,2,4,-1,-1,0,0,0,0,0,0
Eb_7,15,-1,-1,1,3,2,4,0,0,0,0,0,0
Eb_7,16,-1,1,3,1,4,-1,0,0,0,0,0,0
Eb_7b5,1,-1,-1,1,2,2,3,0,0,1,2,3,4
Eb_7b5,2,-1,-1,2,3,1,2,0,0,2,4,1,3
Eb_7b5,3,-1,1,2,1,3,1,0,1,2,1,3,0
Eb_7b5,4,2,-1,2,3,1,-1,2,0,3,4,1,0
Eb_7b5,5,-1,-1,1,2,3,4,0,0,0,0,0,0
Eb_7b5,6,-1,1,2,1,3,-1,0,0,0,0,0,0
Eb_7b5,7,-1,-1,2,4,1,3,0,0,0,0,0,0
Eb_aug7,1,-1,-1,1,4,2,3,0,0,1,4,2,3
Eb_aug7,2,-1,1,4,1,3,2,0,1,4,1,3,2
Eb_aug7,3,3,2,3,0,0,1,3,2,4,0,0,1
Eb_aug7,4,1,-1,1,2,2,-1,1,0,2,3,4,0
Eb_aug7,5,-1,1,2,1,1,-1,0,0,0,0,0,0
Eb_aug7,6,1,-1,1,2,3,1,0,0,0,0,0,0
Eb_9,1,-1,-1,1,0,2,1,0,0,1,0,3,2
Eb_9,2,-1,2,1,2,2,2,0,2,1,3,3,4
Eb_9,3,2,1,2,1,-1,-1,3,1,4,2,0,0
Eb_9,4,1,3,1,2,1,3,1,3,1,2,1,4
Eb_9,5,-1,2,1,3,4,-1,0,0,0,0,0,0
Eb_9,6,-1,1,3,2,4,-1,0,0,0,0,0,0
Eb_9,7,-1,-1,2,1,3,4,0,0,0,0,0,0
Eb_9,8,-1,2,1,3,3,3,0,0,0,0,0,0
Eb_9,9,2,-1,1,3,3,3,0,0,0,0,0,0
Eb_9,10,2,-1,1,3,4,-1,0,0,0,0,0,0
Eb_9,11,-1,-1,3,2,1,4,0,0,0,0,0,0
Eb_9,12,-1,1,3,2,4,4,0,0,0,0,0,0
Eb_9,13,-1,1,3,1,1,-1,0,0,0,0,0,0
Eb_9b5,1,-1,2,1,2,2,1,0,2,1,3,4,1
Eb_9b5,2,-1,1,2,0,1,4,0,1,3,0,2,4
Eb_9b5,3,2,1,2,1,1,2,1,2,0,3,0,4
Eb_9b5,4,1,2,1,2,-1,3,1,2,1,3,0,4
Eb_9b5,5,-1,-1,1,2,3,1,0,0,0,0,0,0
Eb_9b5,6,1,2,1,3,4,1,0,0,0,0,0,0
Eb_9b5,7,2,1,3,1,1,4,0,0,0,0,0,0
Eb_aug9,1,3,4,3,4,4,3,1,2,1,3,4,1
Eb_aug9,2,-1,2,1,2,2,3,0,2,1,3,3,4
Eb_aug9,3,3,2,-1,2,0,1,4,2,0,3,0,1
Eb_aug9,4,2,1,2,1,3,-1,2,1,3,1,4,0
Eb_aug9,5,-1,1,2,1,4,-1,0,0,0,0,0,0
Eb_7b9,1,-1,-1,1,0,2,0,0,0,2,0,4,0
Eb_7b9,2,-1,2,1,2,1,2,0,2,1,3,1,4
Eb_7b9,3,-1,1,3,1,3,0,0,1,3,1,4,0
Eb_7b9,4,3,2,3,1,-1,-1,3,2,4,1,0,0
Eb_7b9,5,-1,-1,1,0,3,0,0,0,0,0,0,0
Eb_7b9,6,-1,2,1,3,1,-1,0,0,0,0,0,0
Eb_7b9,7,1,-1,1,2,1,3,0,0,0,0,0,0
Eb_7b9,8,-1,-1,1,3,2,4,0,0,0,0,0,0
Eb_7b9,9,-1,2,3,1,4,-1,0,0,0,0,0,0
Eb_7#9,1,-1,-1,1,0,2,2,0,0,2,0,3,4
Eb_7#9,2,-1,2,1,2,3,-1,0,2,1,3,4,0
Eb_7#9,3,-1,2,1,1,1,2,0,2,1,1,1,3
Eb_7#9,4,2,1,2,2,-1,-1,2,1,3,4,0,0
Eb_7#9,5,-1,-1,1,0,3,4,0,0,0,0,0,0
Eb_7#9,6,-1,2,1,3,4,-1,0,0,0,0,0,0
Eb_7#9,7,1,3,1,2,1,4,0,0,0,0,0,0
Eb_11,1,1,1,1,1,2,3,1,1,1,1,2,3
Eb_11,2,-1,3,2,3,1,1,0,3,2,4,1,1
Eb_11,3,0,1,1,1,3,1,0,1,1,1,3,1
Eb_11,4,1,1,1,2,1,1,1,1,1,2,1,1
Eb_11,5,-1,-1,1,1,2,1,0,0,0,0,0,0
Eb_11,6,-1,1,1,1,1,1,0,0,0,0,0,0
Eb_11,7,4,-1,3,2,1,1,0,0,0,0,0,0
Eb_9#11,1,-1,-1,1,2,2,3,0,0,1,2,3,4
Eb_9#11,2,-1,2,1,2,2,1,0,2,1,3,4,1
Eb_9#11,3,-1,1,2,1,3,-1,0,1,2,1,3,0
Eb_9#11,4,2,1,2,1,1,2,2,1,3,1,1,4
Eb_9#11,5,-1,1,3,1,-1,-1,0,0,0,0,0,0
Eb_13,1,-1,2,1,2,4,4,0,2,1,3,4,4
Eb_13,2,1,1,1,1,3,3,1,1,1,1,3,4
Eb_13,3,3,2,2,0,1,1,4,2,3,0,1,1
Eb_13,4,1,1,1,2,3,3,1,1,1,2,3,4
Eb_13,5,-1,2,1,3,3,4,0,0,0,0,0,0
Eb_13,6,3,-1,4,2,1,1,0,0,0,0,0,0
Eb_13,7,1,-1,1,2,3,4,0,0,0,0,0,0
Eb_maj7,1,-1,1,1,3,3,3,0,1,1,3,3,3
Eb_maj7,2,-1,4,3,1,1,1,0,4,3,1,1,1
Eb_maj7,3,1,1,3,2,3,1,1,1,3,2,4,1
Eb_maj7,4,-1,-1,1,1,1,3,0,0,1,1,1,4
Eb_maj7,5,-1,1,3,2,4,1,0,0,0,0,0,0
Eb_maj7,6,-1,-1,4,3,2,1,0,0,0,0,0,0
Eb_maj7b5,1,-1,-1,1,2,3,3,0,0,1,2,3,4
Eb_maj7b5,2,-1,1,2,2,3,1,0,1,2,2,4,0
Eb_maj7b5,3,2,1,3,3,1,1,2,1,3,4,1,1
Eb_maj7b5,4,1,2,2,2,-1,1,1,2,2,2,0,1
Eb_maj7#5,1,1,4,3,2,1,1,1,4,3,2,1,1
Eb_maj7#5,2,-1,2,1,3,-1,3,0,2,1,3,0,4
Eb_maj7#5,3,-1,1,4,2,3,-1,0,1,4,2,3,0
Eb_maj7#5,4,1,-1,2,2,2,1,1,0,2,3,4,1
Eb_maj9,1,-1,4,1,1,1,1,0,4,1,1,1,1
Eb_maj9,2,-1,2,1,3,2,-1,0,2,1,4,3,0
Eb_maj9,3,-1,1,1,1,1,3,0,1,1,1,1,4
Eb_maj9,4,-1,-1,2,2,1,3,0,0,2,3,1,4
Eb_maj9,5,-1,-1,1,0,4,2,0,0,0,0,0,0
Eb_maj9,6,-1,2,1,4,3,-1,0,0,0,0,0,0
Eb_maj9,7,-1,-1,4,1,2,1,0,0,0,0,0,0
Eb_maj9,8,-1,-1,1,3,4,1,0,0,0,0,0,0
Eb_maj11,1,-1,-1,1,1,3,3,0,0,1,1,3,4
Eb_maj11,2,-1,3,2,4,1,1,0,3,2,4,1,1
Eb_maj11,3,1,1,1,2,3,1,1,1,1,2,3,1
Eb_maj11,4,1,1,2,2,1,1,1,1,2,3,1,1
Eb_maj13,1,-1,3,1,0,3,-1,0,3,1,0,4,0
Eb_maj13,2,-1,4,3,3,1,1,0,4,2,3,1,1
Eb_maj13,3,-1,1,1,2,3,3,0,1,1,2,3,4
Eb_maj13,4,2,1,1,1,2,1,2,1,1,1,3,1
Eb_m6,1,-1,1,1,3,1,2,0,1,1,3,1,2
Eb_m6,2,-1,3,1,2,1,3,0,3,1,2,1,4
Eb_m6,3,-1,-1,2,2,1,2,0,0,2,3,1,4
Eb_m6,4,1,3,3,1,3,1,1,2,3,1,4,1
Eb_m6,5,-1,3,1,2,1,-1,0,0,0,0,0,0
Eb_m6,6,-1,1,-1,3,2,4,0,0,0,0,0,0
Eb_m6,7,1,-1,3,1,4,1,0,0,0,0,0,0
Eb_m7,1,-1,-1,1,3,2,2,0,0,1,4,2,3
Eb_m7,2,1,1,3,1,2,1,1,1,3,1,2,1
Eb_m7,3,-1,-1,2,2,1,3,0,0,2,3,1,4
Eb_m7,4,1,3,1,1,1,1,1,4,1,1,1,1
Eb_m7,5,-1,3,1,4,1,-1,0,0,0,0,0,0
Eb_m7,6,-1,1,3,1,2,1,0,0,0,0,0,0
Eb_m7,7,1,3,1,1,4,1,0,0,0,0,0,0
Eb_m7,8,-1,2,1,3,4,-1,0,0,0,0,0,0
Eb_m7,9,-1,1,-1,2,3,-1,0,0,0,0,0,0
Eb_m7,10,-1,2,1,3,-1,-1,0,0,0,0,0,0
Eb_m7,11,-1,-1,3,1,2,-1,0,0,0,0,0,0
Eb_m7,12,2,-1,3,3,3,-1,0,0,0,0,0,0
Eb_m7,13,-1,1,1,4,1,-1,0,0,0,0,0,0
Eb_m7,14,3,-1,1,4,1,-1,0,0,0,0,0,0
Eb_m7,15,-1,1,3,1,2,-1,0,0,0,0,0,0
Eb_m7b5,1,-1,-1,1,2,2,2,0,0,1,2,2,2
Eb_m7b5,2,-1,1,2,1,2,-1,0,1,3,2,4,0
Eb_m7b5,3,-1,-1,1,2,1,3,0,0,1,2,1,4
Eb_m7b5,4,2,-1,2,2,1,-1,2,0,3,4,1,0
Eb_m9,1,-1,3,1,3,3,3,0,2,1,3,4,4
Eb_m9,2,-1,-1,2,4,1,3,0,0,2,4,1,3
Eb_m9,3,-1,1,3,2,3,3,0,1,3,2,4,4
Eb_m9,4,1,3,1,1,1,3,1,3,1,1,1,4
Eb_m9,5,-1,2,1,3,4,-1,0,0,0,0,0,0
Eb_m9,6,3,1,4,2,-1,-1,0,0,0,0,0,0
Eb_m9,7,1,3,1,1,1,4,0,0,0,0,0,0
Eb_m69,1,2,-1,1,3,1,1,2,0,1,3,1,1
Eb_m69,2,-1,3,1,2,3,-1,0,3,1,2,4,0
Eb_m69,3,3,1,2,2,1,1,4,1,2,3,0,0
Eb_m69,4,-1,-1,3,1,3,3,0,0,2,1,3,4
Eb_m11,1,-1,-1,1,1,2,2,0,0,1,1,3,4
Eb_m11,2,-1,3,1,3,3,1,0,2,1,3,4,1
Eb_m11,3,3,1,3,2,1,1,3,1,4,2,1,1
Eb_m11,4,1,1,1,1,1,3,1,1,1,1,1,4
Eb_m11,5,-1,-1,3,1,4,-1,0,0,0,0,0,0
Eb_m11,6,-1,2,-1,3,4,1,0,0,0,0,0,0
Eb_mmaj7,1,-1,-1,1,3,3,2,0,0,1,3,4,2
Eb_mmaj7,2,-1,4,2,1,1,-1,0,4,3,1,2,0
Eb_mmaj7,3,-1,1,3,2,2,1,0,1,4,2,3,1
Eb_mmaj7,4,1,3,2,1,1,1,1,3,2,1,1,1
Eb_mmaj7b5,1,-1,-1,1,2,3,2,0,0,1,2,4,3
Eb_mmaj7b5,2,1,2,3,3,3,-1,1,2,3,3,3,0
Eb_mmaj7b5,3,-1,1,2,2,2,-1,0,1,2,3,4,0
Eb_mmaj7b5,4,1,2,2,1,-1,1,1,2,2,1,0,1
Eb_mmaj9,1,-1,3,1,4,3,-1,0,2,1,4,3,0
Eb_mmaj9,2,1,4,3,2,1,1,1,4,3,2,1,1
Eb_mmaj9,3,3,1,4,2,-1,-1,3,1,4,2,0,0
Eb_mmaj9,4,1,3,2,1,1,3,1,3,2,1,1,4
Eb_mmaj11,1,-1,1,1,1,3,2,0,1,1,1,3,2
Eb_mmaj11,2,-1,3,1,4,3,1,0,3,1,4,3,1
Eb_mmaj11,3,1,1,1,2,2,1,1,1,1,2,3,1
Eb_mmaj11,4,1,1,2,1,1,3,1,1,2,1,1,4
Eb_add9,1,-1,4,3,1,4,1,0,3,2,1,4,1
Eb_add9,2,-1,2,1,0,2,2,0,2,1,0,3,4
Eb_add9,3,2,1,-1,1,2,-1,3,1,0,2,4,0
Eb_add9,4,-1,-1,3,2,1,3,0,0,3,2,1,4
Eb_madd9,1,-1,-1,4,3,4,1,0,0,3,2,4,1
Eb_madd9,2,-1,4,2,1,4,-1,0,3,2,1,4,0
Eb_madd9,3,-1,3,1,-1,3,3,0,2,1,0,3,4
Eb_madd9,4,-1,-1,3,1,1,3,0,0,3,1,1,4
F_major,1,1,3,3,2,1,1,1,3,4,2,1,1
F_major,2,-1,-1,1,3,4,3,0,0,1,2,4,3
F_major,3,-1,4,3,1,2,1,0,4,3,1,2,1
F_major,4,-1,1,3,3,3,1,0,1,2,3,4,1
F_major,5,1,3,4,2,1,1,0,0,0,0,0,0
F_major,6,-1,1,3,3,3,-1,0,0,0,0,0,0
F_major,7,-1,-1,3,2,1,1,0,0,0,0,0,0
F_major,8,-1,3,4,2,1,1,0,0,0,0,0,0
F_major,9,-1,-1,1,2,4,3,0,0,0,0,0,0
F_major,10,-1,1,-1,-1,4,-1,0,0,0,0,0,0
F_major,11,-1,1,2,3,4,1,0,0,0,0,0,0
F_major,12,-1,-1,-1,2,1,1,0,0,0,0,0,0
F_major,13,-1,-1,-1,3,4,1,0,0,0,0,0,0
F_major,14,2,-1,1,3,4,-1,0,0,0,0,0,0
F_major,15,-1,-1,3,2,1,-1,0,0,0,0,0,0
F_major,16,-1,3,1,1,1,-1,0,0,0,0,0,0
F_major,17,-1,-1,3,1,2,-1,0,0,0,0,0,0
F_major,18,1,3,4,2,-1,-1,0,0,0,0,0,0
F_major,19,-1,-1,-1,1,3,2,0,0,0,0,0,0
F_minor,1,1,3,3,1,1,1,1,3,4,1,1,1
F_minor,2,-1,-1,1,3,4,2,0,0,1,3,4,2
F_minor,3,-1,1,3,3,2,1,0,1,3,4,2,1
F_minor,4,4,2,1,1,-1,-1,4,2,1,1,0,0
F_minor,5,1,3,4,1,1,1,0,0,0,0,0,0
F_minor,6,-1,1,3,4,2,1,0,0,0,0,0,0
F_minor,7,-1,-1,3,1,1,1,0,0,0,0,0,0
F_minor,8,-1,3,4,1,1,1,0,0,0,0,0,0
F_minor,9,-1,-1,-1,3,2,1,0,0,0,0,0,0
F_minor,10,-1,4,2,1,3,-1,0,0,0,0,0,0
F_minor,11,-1,-1,-1,2,3,1,0,0,0,0,0,0
F_dim,1,-1,-1,3,4,-1,4,0,0,1,2,0,3
F_dim,2,-1,3,1,-1,1,2,0,4,1,0,2,3
F_dim,3,-1,1,2,3,2,-1,0,1,2,4,3,0
F_dim,4,3,1,-1,3,2,-1,3,1,0,4,2,0
F_dim,5,1,2,3,1,-1,-1,0,0,0,0,0,0
F_dim,6,-1,-1,1,2,4,3,0,0,0,0,0,0
F_dim,7,-1,1,2,3,4,-1,0,0,0,0,0,0
F_dim,8,-1,-1,3,1,4,-1,0,0,0,0,0,0
F_dim,9,3,1,-1,-1,-1,-1,0,0,0,0,0,0
F_dim,10,1,2,-1,-1,-1,-1,0,0,0,0,0,0
F_dim,11,1,2,3,-1,-1,-1,0,0,0,0,0,0
F_dim7,1,1,-1,0,1,0,1,1,0,0,2,0,3
F_dim7,2,-1,-1,3,4,3,4,0,0,1,3,1,4
F_dim7,3,1,2,3,1,3,1,1,2,3,1,4,1
F_dim7,4,2,-1,1,2,1,-1,3,0,1,4,2,0
F_dim7,5,2,4,1,3,-1,-1,0,0,0,0,0,0
F_dim7,6,-1,2,3,1,4,-1,0,0,0,0,0,0
F_dim7,7,-1,-1,1,3,2,4,0,0,0,0,0,0
F_sus2,1,1,3,3,-1,1,3,1,2,3,0,1,4
F_sus2,2,1,1,1,3,4,1,1,1,1,3,4,1
F_sus2,3,1,1,3,3,1,1,1,1,3,4,1,1
F_sus2,4,4,1,1,3,4,-1,3,1,1,2,4,0
F_sus2,5,-1,1,3,4,1,1,0,0,0,0,0,0
F_sus2,6,1,3,4,0,-1,-1,0,0,0,0,0,0
F_sus2,7,-1,3,4,0,1,1,0,0,0,0,0,0
F_sus4,1,1,3,3,3,1,1,1,2,3,4,1,1
F_sus4,2,-1,-1,1,3,4,4,0,0,1,2,3,4
F_sus4,3,1,1,3,3,4,1,1,1,2,3,4,1
F_sus4,4,-1,-1,1,1,2,-1,0,0,1,1,2,0
F_sus4,5,1,1,3,4,1,1,0,0,0,0,0,0
F_sus4,6,-1,3,4,1,2,-1,0,0,0,0,0,0
F_sus4,7,-1,1,2,3,4,1,0,0,0,0,0,0
F_sus2sus4,1,1,1,3,3,1,3,1,1,2,3,1,4
F_sus2sus4,2,-1,1,1,3,1,1,0,1,1,3,1,1
F_sus2sus4,3,-1,4,1,1,2,2,0,4,1,1,2,2
F_7sus4,1,1,3,1,3,1,1,1,3,1,4,1,1
F_7sus4,2,1,3,3,3,1,1,1,2,3,4,1,1
F_7sus4,3,1,1,3,1,4,1,1,1,3,1,4,1
F_7sus4,4,-1,-1,1,1,2,2,0,0,1,1,3,4
F_7sus4,5,1,3,1,4,1,1,0,0,0,0,0,0
F_7sus4,6,-1,2,3,4,1,-1,0,0,0,0,0,0
F_7sus4,7,-1,1,3,1,4,1,0,0,0,0,0,0
F_alt,1,1,2,3,2,0,-1,1,2,4,3,0,0
F_alt,2,-1,-1,1,2,0,3,0,0,1,2,0,3
F_alt,3,-1,1,2,3,3,-1,0,1,2,3,4,0
F_alt,4,2,1,-1,3,1,2,2,1,0,4,1,3
F_aug,1,-1,-1,3,2,2,1,0,0,4,2,3,1
F_aug,2,-1,3,2,1,1,-1,0,3,2,1,1,0
F_aug,3,-1,1,-1,3,3,2,0,1,0,3,4,2
F_aug,4,4,3,2,1,1,-1,4,3,2,1,1,0
F_aug,5,4,3,2,1,-1,-1,0,0,0,0,0,0
F_aug,6,-1,-1,4,2,3,1,0,0,0,0,0,0
F_5,1,1,3,-1,-1,-1,-1,1,3,0,0,0,0
F_5,2,-1,1,3,-1,-1,-1,0,1,3,0,0,0
F_5,3,1,3,3,-1,-1,-1,1,3,4,0,0,0
F_5,4,-1,1,3,4,-1,-1,0,0,0,0,0,0
F_5,5,1,3,4,-1,-1,-1,0,0,0,0,0,0
F_5,6,-1,-1,-1,-1,1,3,0,0,0,0,0,0
F_5,7,-1,1,1,-1,-1,-1,0,0,0,0,0,0
F_5,8,-1,-1,1,3,4,-1,0,0,0,0,0,0
F_5,9,-1,-1,-1,1,2,4,0,0,0,0,0,0
F_5,10,-1,-1,1,3,-1,-1,0,0,0,0,0,0
F_5,11,1,1,3,-1,-1,-1,0,0,0,0,0,0
F_6,1,1,-1,3,2,3,1,1,0,3,2,4,1
F_6,2,-1,1,1,3,1,3,0,1,1,3,1,4
F_6,3,-1,3,2,2,1,-1,0,4,2,3,1,0
F_6,4,1,1,3,3,3,3,1,1,3,3,3,3
F_6,5,1,-1,3,2,4,1,0,0,0,0,0,0
F_6,6,-1,4,2,3,1,-1,0,0,0,0,0,0
F_6,7,-1,1,3,3,3,3,0,0,0,0,0,0
F_6,8,-1,-1,3,2,4,1,0,0,0,0,0,0
F_6,9,-1,2,1,1,-1,-1,0,0,0,0,0,0
F_6,10,-1,-1,3,3,3,3,0,0,0,0,0,0
F_69,1,1,0,0,0,1,1,1,0,0,0,2,3
F_69,2,-1,-1,3,2,3,3,0,0,2,1,3,4
F_69,3,-1,1,1,1,2,1,0,1,1,1,2,1
F_69,4,-1,2,1,1,2,2,0,2,1,1,3,4
F_69,5,1,0,0,0,2,3,0,0,0,0,0,0
F_69,6,-1,-1,2,1,3,4,0,0,0,0,0,0
F_69,7,-1,2,1,1,3,4,0,0,0,0,0,0
F_69,8,-1,2,1,1,3,-1,0,0,0,0,0,0
F_69,9,1,3,0,0,-1,-1,0,0,0,0,0,0
F_69,10,1,2,0,0,3,4,0,0,0,0,0,0
F_7,1,1,3,1,2,1,1,1,3,1,2,1,1
F_7,2,-1,1,1,3,2,3,0,1,1,3,2,4
F_7,3,1,1,3,1,3,1,1,1,3,1,4,1
F_7,4,-1,-1,1,1,1,2,0,0,1,1,1,2
F_7,5,1,3,1,2,4,1,0,0,0,0,0,0
F_7,6,-1,3,2,4,1,-1,0,0,0,0,0,0
F_7,7,-1,1,3,1,4,1,0,0,0,0,0,0
F_7,8,1,-1,2,3,-1,-1,0,0,0,0,0,0
F_7,9,-1,-1,3,2,4,1,0,0,0,0,0,0
F_7,10,-1,-1,-1,2,1,3,0,0,0,0,0,0
F_7,11,-1,2,1,3,-1,-1,0,0,0,0,0,0
F_7,12,-1,2,1,3,-1,4,0,0,0,0,0,0
F_7,13,-1,1,3,1,-1,-1,0,0,0,0,0,0
F_7,14,-1,-1,1,3,2,4,0,0,0,0,0,0
F_7b5,1,1,0,1,2,0,1,1,0,2,4,0,3
F_7b5,2,-1,-1,1,2,2,3,0,0,1,2,3,4
F_7b5,3,-1,-1,2,3,1,2,0,0,2,4,1,3
F_7b5,4,-1,1,2,1,3,-1,0,1,2,1,3,0
F_7b5,5,1,3,2,4,-1,-1,0,0,0,0,0,0
F_7b5,6,-1,-1,1,2,3,4,0,0,0,0,0,0
F_aug7,1,1,0,1,2,2,-1,1,0,2,3,4,0
F_aug7,2,-1,-1,1,4,2,3,0,0,1,4,2,3
F_aug7,3,-1,1,4,1,3,2,0,1,4,1,3,2
F_aug7,4,2,1,2,-1,3,-1,2,1,3,0,4,0
F_aug7,5,1,-1,1,2,3,1,0,0,0,0,0,0
F_aug7,6,-1,1,2,1,1,-1,0,0,0,0,0,0
F_aug7,7,1,-1,2,3,4,-1,0,0,0,0,0,0
F_9,1,1,3,1,2,1,3,1,3,1,2,1,4
F_9,2,-1,-1,3,2,4,3,0,0,2,1,4,3
F_9,3,2,2,1,2,2,2,2,2,1,3,3,4
F_9,4,-1,1,1,1,1,2,0,1,1,1,1,2
F_9,5,1,0,2,0,3,4,0,0,0,0,0,0
F_9,6,-1,-1,1,3,2,1,0,0,0,0,0,0
F_9,7,-1,2,1,3,4,-1,0,0,0,0,0,0
F_9,8,-1,2,1,3,3,3,0,0,0,0,0,0
F_9,9,2,-1,1,3,3,3,0,0,0,0,0,0
F_9,10,2,-1,1,3,4,-1,0,0,0,0,0,0
F_9b5,1,1,0,1,0,0,1,1,0,2,0,0,3
F_9b5,2,-1,2,1,2,2,1,0,2,1,3,4,1
F_9b5,3,-1,1,2,0,3,4,0,1,2,0,3,4
F_9b5,4,2,1,2,0,0,2,2,1,2,0,0,3
F_9b5,5,1,0,2,0,0,3,0,0,0,0,0,0
F_9b5,6,-1,-1,1,2,3,1,0,0,0,0,0,0
F_9b5,7,1,2,1,3,4,1,0,0,0,0,0,0
F_aug9,1,1,0,1,0,2,1,1,0,2,0,4,3
F_aug9,2,1,2,1,2,2,1,1,2,1,3,4,1
F_aug9,3,-1,2,1,2,2,3,0,2,1,3,3,4
F_aug9,4,2,1,2,1,3,-1,2,1,3,1,4,0
F_aug9,5,-1,-1,1,2,2,4,0,0,0,0,0,0
F_7b9,1,1,3,1,2,1,2,1,4,1,2,1,3
F_7b9,2,-1,-1,3,2,4,2,0,0,2,1,3,1
F_7b9,3,-1,2,1,2,1,2,0,2,1,3,1,4
F_7b9,4,3,2,3,1,-1,-1,3,2,4,1,0,0
F_7b9,5,1,-1,1,2,1,3,0,0,0,0,0,0
F_7b9,6,-1,-1,2,1,3,1,0,0,0,0,0,0
F_7b9,7,-1,2,1,3,1,-1,0,0,0,0,0,0
F_7b9,8,-1,-1,1,2,1,3,0,0,0,0,0,0
F_7b9,9,-1,-1,1,3,2,4,0,0,0,0,0,0
F_7b9,10,1,-1,2,3,-1,4,0,0,0,0,0,0
F_7#9,1,1,3,1,2,1,4,1,3,1,2,1,4
F_7#9,2,-1,-1,3,2,4,4,0,0,2,1,3,4
F_7#9,3,-1,2,1,2,3,-1,0,2,1,3,4,0
F_7#9,4,-1,2,1,1,1,2,0,2,1,1,1,3
F_7#9,5,-1,-1,2,1,3,4,0,0,0,0,0,0
F_7#9,6,-1,2,1,3,4,-1,0,0,0,0,0,0
F_7#9,7,-1,-1,1,2,4,3,0,0,0,0,0,0
F_11,1,1,1,1,2,1,1,1,1,1,2,1,1
F_11,2,1,1,1,1,2,3,1,1,1,1,2,3
F_11,3,-1,3,2,3,1,1,0,3,2,4,1,1
F_11,4,-1,1,1,1,3,1,0,1,1,1,3,1
F_11,5,-1,-1,1,1,2,1,0,0,0,0,0,0
F_11,6,-1,1,1,1,1,1,0,0,0,0,0,0
F_11,7,3,-1,4,2,1,1,0,0,0,0,0,0
F_9#11,1,1,0,1,0,0,1,1,0,2,0,0,3
F_9#11,2,-1,-1,1,2,2,3,0,0,1,2,3,4
F_9#11,3,-1,2,1,2,2,1,0,2,1,3,4,1
F_9#11,4,-1,1,2,1,3,1,0,1,2,1,3,1
F_9#11,5,-1,1,3,1,-1,-1,0,0,0,0,0,0
F_9#11,6,1,-1,2,3,0,-1,0,0,0,0,0,0
F_13,1,1,3,1,2,3,1,1,3,1,2,4,1
F_13,2,1,1,1,2,3,3,1,1,1,2,3,4
F_13,3,-1,2,1,2,4,4,0,2,1,3,4,4
F_13,4,1,1,1,1,3,3,1,1,1,1,3,4
F_13,5,1,-1,1,2,3,4,0,0,0,0,0,0
F_13,6,-1,2,1,3,3,4,0,0,0,0,0,0
F_13,7,3,-1,4,2,1,1,0,0,0,0,0,0
F_13,8,1,-1,2,3,4,-1,0,0,0,0,0,0
F_13,9,-1,1,2,3,4,-1,0,0,0,0,0,0
F_13,10,-1,1,3,4,2,-1,0,0,0,0,0,0
F_13,11,-1,-1,1,3,3,4,0,0,0,0,0,0
F_13,12,-1,1,3,3,3,-1,0,0,0,0,0,0
F_maj7,1,-1,-1,3,2,1,0,0,0,3,2,1,0
F_maj7,2,1,3,2,2,1,1,1,4,2,3,1,1
F_maj7,3,-1,1,1,3,3,3,0,1,1,3,3,3
F_maj7,4,1,1,3,2,3,1,1,1,3,2,4,1
F_maj7,5,1,-1,4,3,2,0,0,0,0,0,0,0
F_maj7,6,0,4,3,1,1,1,0,0,0,0,0,0
F_maj7,7,0,1,3,2,4,1,0,0,0,0,0,0
F_maj7,8,1,-1,3,4,2,-1,0,0,0,0,0,0
F_maj7,9,-1,1,3,2,4,-1,0,0,0,0,0,0
F_maj7,10,1,3,4,2,1,0,0,0,0,0,0,0
F_maj7,11,-1,-1,1,1,1,3,0,0,0,0,0,0
F_maj7,12,-1,-1,-1,2,1,0,0,0,0,0,0,0
F_maj7,13,-1,1,3,2,-1,-1,0,0,0,0,0,0
F_maj7,14,1,-1,3,4,-1,-1,0,0,0,0,0,0
F_maj7,15,-1,1,3,2,4,1,0,0,0,0,0,0
F_maj7,16,-1,3,4,2,1,0,0,0,0,0,0,0
F_maj7,17,-1,1,1,4,4,4,0,0,0,0,0,0
F_maj7,18,-1,2,1,3,4,-1,0,0,0,0,0,0
F_maj7b5,1,1,0,2,2,0,0,1,0,2,3,0,0
F_maj7b5,2,-1,-1,1,2,3,3,0,0,1,2,3,4
F_maj7b5,3,-1,1,2,2,3,-1,0,1,2,3,4,0
F_maj7b5,4,2,1,3,3,1,1,2,1,3,4,1,1
F_maj7#5,1,1,0,2,2,2,0,1,0,2,3,4,0
F_maj7#5,2,1,4,3,2,1,1,1,4,3,2,1,1
F_maj7#5,3,-1,1,4,2,3,-1,0,1,4,2,3,0
F_maj7#5,4,-1,-1,4,3,3,1,0,0,4,2,3,1
F_maj9,1,1,0,2,0,1,0,1,0,3,0,2,0
F_maj9,2,-1,-1,2,2,1,3,0,0,2,3,1,4
F_maj9,3,-1,2,1,3,2,-1,0,2,1,4,3,0
F_maj9,4,-1,-1,1,3,1,3,0,0,1,3,1,4
F_maj9,5,1,0,4,0,2,0,0,0,0,0,0,0
F_maj9,6,-1,4,1,1,1,1,0,0,0,0,0,0
F_maj9,7,-1,2,1,4,3,-1,0,0,0,0,0,0
F_maj9,8,-1,3,2,0,1,0,0,0,0,0,0,0
F_maj9,9,-1,3,3,0,1,0,0,0,0,0,0,0
F_maj11,1,1,1,2,2,1,1,1,1,2,3,1,1
F_maj11,2,-1,-1,1,1,3,3,0,0,1,1,3,4
F_maj11,3,1,1,1,2,3,1,1,1,1,2,3,1
F_maj11,4,3,2,4,0,1,0,3,2,4,0,1,0
F_maj13,1,1,0,0,0,1,0,1,0,0,0,2,0
F_maj13,2,-1,-1,3,2,3,0,0,0,2,1,3,0
F_maj13,3,-1,4,3,3,1,1,0,4,2,3,1,1
F_maj13,4,-1,1,1,2,3,3,0,1,1,2,3,4
F_maj13,5,1,-1,2,3,4,-1,0,0,0,0,0,0
F_maj13,6,-1,1,3,2,1,4,0,0,0,0,0,0
F_m6,1,1,-1,0,1,1,1,1,0,0,2,3,4
F_m6,2,-1,-1,1,3,1,2,0,0,1,3,1,2
F_m6,3,-1,3,1,2,1,3,0,3,1,2,1,4
F_m6,4,-1,-1,2,2,1,2,0,0,2,3,1,4
F_m6,5,1,-1,3,1,4,1,0,0,0,0,0,0
F_m6,6,-1,3,1,2,1,-1,0,0,0,0,0,0
F_m6,7,-1,1,-1,3,2,4,0,0,0,0,0,0
F_m7,1,1,3,1,1,1,1,1,3,1,1,1,1
F_m7,2,-1,-1,1,3,2,2,0,0,1,4,2,3
F_m7,3,1,1,3,1,2,1,1,1,3,1,2,1
F_m7,4,-1,-1,2,2,1,3,0,0,2,3,1,4
F_m7,5,1,3,1,1,4,1,0,0,0,0,0,0
F_m7,6,-1,-1,1,4,2,3,0,0,0,0,0,0
F_m7,7,-1,1,3,1,2,1,0,0,0,0,0,0
F_m7,8,2,-1,3,3,3,-1,0,0,0,0,0,0
F_m7,9,2,-1,3,3,-1,-1,0,0,0,0,0,0
F_m7,10,-1,2,1,3,4,-1,0,0,0,0,0,0
F_m7,11,-1,2,1,3,-1,-1,0,0,0,0,0,0
F_m7,12,-1,1,-1,2,3,-1,0,0,0,0,0,0
F_m7b5,1,1,-1,1,1,0,-1,1,0,2,3,0,0
F_m7b5,2,-1,-1,3,4,4,4,0,0,1,2,2,2
F_m7b5,3,-1,1,2,1,2,-1,0,1,3,2,4,0
F_m7b5,4,3,1,3,3,0,-1,2,1,3,4,0,0
F_m7b5,5,-1,1,3,2,4,-1,0,0,0,0,0,0
F_m7b5,6,-1,2,-1,3,4,1,0,0,0,0,0,0
F_m7b5,7,1,-1,2,3,0,-1,0,0,0,0,0,0
F_m9,1,1,3,1,1,1,3,1,3,1,1,1,4
F_m9,2,-1,3,3,0,4,4,0,1,2,0,3,4
F_m9,3,-1,3,1,3,3,3,0,2,1,3,4,4
F_m9,4,3,1,3,0,3,3,2,1,3,0,4,4
F_m9,5,1,3,1,1,1,4,0,0,0,0,0,0
F_m9,6,-1,-1,1,3,2,1,0,0,0,0,0,0
F_m9,7,-1,2,1,3,4,-1,0,0,0,0,0,0
F_m69,1,1,3,3,1,3,3,1,2,2,1,3,4
F_m69,2,2,-1,1,3,1,1,2,0,1,3,1,1
F_m69,3,-1,3,1,2,3,-1,0,3,1,2,4,0
F_m69,4,3,1,2,0,3,-1,3,1,2,0,4,0
F_m11,1,1,1,1,1,1,3,1,1,1,1,1,4
F_m11,2,-1,-1,3,3,4,4,0,0,1,1,2,3
F_m11,3,-1,3,1,3,3,1,0,2,1,3,4,1
F_m11,4,3,1,3,2,1,1,3,1,4,2,1,1
F_m11,5,2,-1,3,4,1,-1,0,0,0,0,0,0
F_m11,6,-1,1,1,1,2,1,0,0,0,0,0,0
F_m11,7,-1,2,1,3,4,1,0,0,0,0,0,0
F_m11,8,-1,1,4,1,2,1,0,0,0,0,0,0
F_m11,9,-1,-1,1,3,2,4,0,0,0,0,0,0
F_m11,10,-1,2,1,3,1,1,0,0,0,0,0,0
F_mmaj7,1,1,3,2,1,1,1,1,3,2,1,1,1
F_mmaj7,2,-1,-1,1,3,3,2,0,0,1,3,4,2
F_mmaj7,3,1,1,3,2,2,1,1,1,4,2,3,1
F_mmaj7,4,-1,-1,4,2,2,1,0,0,4,2,3,1
F_mmaj7b5,1,1,2,2,1,0,0,1,2,3,1,0,0
F_mmaj7b5,2,-1,-1,1,2,3,2,0,0,1,2,4,3
F_mmaj7b5,3,1,2,3,3,3,-1,1,2,3,3,3,0
F_mmaj7b5,4,-1,1,2,2,2,-1,0,1,2,3,4,0
F_mmaj9,1,1,3,2,1,1,3,1,3,2,1,1,4
F_mmaj9,2,-1,-1,1,0,3,2,0,0,1,0,4,2
F_mmaj9,3,-1,3,1,4,3,-1,0,2,1,4,3,0
F_mmaj9,4,3,1,-1,2,3,0,3,1,0,2,4,0
F_mmaj11,1,1,1,2,1,1,3,1,1,2,1,1,4
F_mmaj11,2,-1,1,1,1,3,2,0,1,1,1,3,2
F_mmaj11,3,-1,3,1,4,3,1,0,2,1,4,3,1
F_mmaj11,4,1,1,1,2,2,1,1,1,1,2,3,1
F_add9,1,-1,-1,3,2,1,3,0,0,3,2,1,4
F_add9,2,-1,-1,1,0,4,3,0,0,1,0,4,3
F_add9,3,-1,4,3,1,4,1,0,3,2,1,4,1
F_add9,4,-1,2,1,0,2,2,0,2,1,0,3,4
F_add9,5,-1,1,-1,0,4,-1,0,0,0,0,0,0
F_add9,6,-1,3,4,0,1,1,0,0,0,0,0,0
F_add9,7,-1,-1,3,2,1,4,0,0,0,0,0,0
F_madd9,1,-1,-1,3,1,1,3,0,0,3,1,1,4
F_madd9,2,-1,4,2,1,4,-1,0,3,2,1,4,0
F_madd9,3,-1,3,1,0,1,3,0,3,1,0,2,4
F_madd9,4,-1,1,3,0,2,1,0,1,4,0,3,2
F_/C,1,-1,3,3,2,1,1,0,3,4,2,1,1
F_/C,2,-1,1,1,3,4,3,0,1,1,3,4,3
F_/C,3,1,1,3,3,3,1,1,1,2,3,4,1
F_/D,1,-1,1,3,1,2,1,0,1,3,1,2,1
F_/D,2,-1,1,3,1,2,4,0,1,3,1,2,4
F_/D#,1,-1,-1,1,2,1,1,0,0,1,2,1,1
F_/D#,2,-1,2,3,1,2,1,0,2,4,1,3,1
F_/D#,3,-1,4,1,3,4,3,0,3,1,2,4,2
F_/E,1,0,0,3,2,1,1,0,0,3,2,1,1
F_/E,2,-1,-1,2,2,1,1,0,0,2,3,1,1
F_/E,3,0,3,3,2,1,1,0,3,4,2,1,1
F_/G,1,3,0,3,2,1,1,3,0,4,2,1,1
F_/G,2,3,3,3,2,-1,-1,2,3,4,1,0,0
F_/G,3,1,1,1,3,4,3,1,1,1,3,4,3
F_/A,1,-1,0,3,2,1,1,0,0,3,2,1,1
F_/A,2,4,2,2,1,-1,-1,4,2,3,1,0,0
F_/A,3,1,4,3,1,2,1,1,4,3,1,2,1
F_/A,4,3,1,1,3,4,0,2,1,1,3,4,0
F_m/C,1,-1,3,3,1,1,1,0,3,4,1,1,1
F_m/C,2,-1,3,3,1,1,4,0,2,3,1,1,4
F_m/C,3,1,1,3,3,2,1,1,1,3,4,2,1
Fsharp_major,1,2,4,4,3,2,2,1,3,4,2,1,1
Fsharp_major,2,-1,1,1,3,4,3,0,1,1,2,4,3
Fsharp_major,3,1,4,3,1,2,1,1,4,3,1,2,1
Fsharp_major,4,1,1,3,3,3,1,1,1,2,3,4,1
Fsharp_major,5,1,3,4,2,1,1,0,0,0,0,0,0
Fsharp_major,6,-1,4,3,1,2,1,0,0,0,0,0,0
Fsharp_major,7,-1,1,3,3,3,-1,0,0,0,0,0,0
Fsharp_major,8,1,3,4,2,-1,-1,0,0,0,0,0,0
Fsharp_major,9,-1,-1,3,1,2,-1,0,0,0,0,0,0
Fsharp_major,10,2,1,-1,-1,-1,-1,0,0,0,0,0,0
Fsharp_major,11,-1,-1,-1,1,3,2,0,0,0,0,0,0
Fsharp_major,12,-1,-1,3,2,1,1,0,0,0,0,0,0
Fsharp_major,13,-1,-1,3,3,3,-1,0,0,0,0,0,0
Fsharp_major,14,1,3,-1,2,-1,-1,0,0,0,0,0,0
Fsharp_major,15,1,4,-1,-1,-1,-1,0,0,0,0,0,0
Fsharp_major,16,3,1,1,-1,-1,-1,0,0,0,0,0,0
Fsharp_major,17,-1,3,-1,2,1,-1,0,0,0,0,0,0
Fsharp_minor,1,2,4,4,2,2,2,1,3,4,1,1,1
Fsharp_minor,2,-1,1,1,3,4,2,0,1,1,3,4,2
Fsharp_minor,3,-1,-1,3,2,3,1,0,0,3,2,4,1
Fsharp_minor,4,1,1,3,3,2,1,1,1,3,4,2,1
Fsharp_minor,5,1,3,4,1,1,1,0,0,0,0,0,0
Fsharp_minor,6,-1,-1,1,3,4,2,0,0,0,0,0,0
Fsharp_minor,7,-1,1,3,4,2,1,0,0,0,0,0,0
Fsharp_minor,8,-1,1,3,4,2,-1,0,0,0,0,0,0
Fsharp_minor,9,-1,-1,3,1,1,1,0,0,0,0,0,0
Fsharp_minor,10,1,-1,-1,1,1,-1,0,0,0,0,0,0
Fsharp_dim,1,2,0,-1,2,1,-1,2,0,0,3,1,0
Fsharp_dim,2,-1,-1,1,2,-1,2,0,0,1,2,0,3
Fsharp_dim,3,-1,3,1,-1,1,2,0,4,1,0,2,3
Fsharp_dim,4,-1,1,2,3,2,-1,0,1,2,4,3,0
Fsharp_dim,5,1,2,3,1,-1,-1,0,0,0,0,0,0
Fsharp_dim,6,-1,-1,1,2,4,3,0,0,0,0,0,0
Fsharp_dim,7,-1,1,2,3,4,-1,0,0,0,0,0,0
Fsharp_dim,8,-1,-1,3,1,4,-1,0,0,0,0,0,0
Fsharp_dim,9,2,-1,4,3,1,-1,0,0,0,0,0,0
Fsharp_dim,10,-1,0,1,2,4,3,0,0,0,0,0,0
Fsharp_dim7,1,2,-1,1,2,1,-1,2,0,1,3,1,0
Fsharp_dim7,2,2,3,4,2,4,2,1,2,3,1,4,1
Fsharp_dim7,3,-1,-1,1,2,1,2,0,0,1,3,2,4
Fsharp_dim7,4,1,2,3,1,3,1,1,2,3,1,4,1
Fsharp_dim7,5,2,4,1,3,-1,-1,0,0,0,0,0,0
Fsharp_dim7,6,-1,2,3,1,4,-1,0,0,0,0,0,0
Fsharp_dim7,7,-1,-1,1,3,2,4,0,0,0,0,0,0
Fsharp_dim7,8,1,2,3,1,4,1,0,0,0,0,0,0
Fsharp_dim7,9,2,-1,1,3,1,-1,0,0,0,0,0,0
Fsharp_sus2,1,2,-1,-1,1,2,2,2,0,0,1,3,4
Fsharp_sus2,2,1,1,1,3,4,1,1,1,1,3,4,1
Fsharp_sus2,3,1,1,3,3,1,1,1,1,3,4,1,1
Fsharp_sus2,4,4,1,1,3,4,-1,3,1,1,2,4,0
Fsharp_sus4,1,2,4,4,4,2,2,1,2,3,4,1,1
Fsharp_sus4,2,-1,1,1,3,4,4,0,1,1,2,3,4
Fsharp_sus4,3,1,1,3,3,4,1,1,1,2,3,4,1
Fsharp_sus4,4,-1,-1,1,1,2,4,0,0,1,1,2,4
Fsharp_sus4,5,1,1,3,4,1,1,0,0,0,0,0,0
Fsharp_sus4,6,-1,3,4,1,2,-1,0,0,0,0,0,0
Fsharp_sus4,7,-1,1,2,3,4,1,0,0,0,0,0,0
Fsharp_sus4,8,-1,1,3,3,4,-1,0,0,0,0,0,0
Fsharp_sus2sus4,1,2,2,4,4,2,4,1,1,2,3,1,4
Fsharp_sus2sus4,2,-1,1,1,3,1,1,0,1,1,3,1,1
Fsharp_sus2sus4,3,-1,4,1,1,2,2,0,4,1,1,2,2
Fsharp_7sus4,1,2,4,2,4,2,2,1,3,1,4,1,1
Fsharp_7sus4,2,-1,-1,1,3,2,4,0,0,1,3,2,4
Fsharp_7sus4,3,-1,3,3,3,1,1,0,2,3,4,1,1
Fsharp_7sus4,4,1,1,3,1,4,1,1,1,3,1,4,1
Fsharp_7sus4,5,1,3,1,4,1,1,0,0,0,0,0,0
Fsharp_7sus4,6,-1,2,3,4,1,-1,0,0,0,0,0,0
Fsharp_7sus4,7,-1,1,3,1,4,1,0,0,0,0,0,0
Fsharp_7sus4,8,-1,-1,3,4,2,0,0,0,0,0,0,0
Fsharp_alt,1,-1,-1,4,3,1,2,0,0,4,3,1,2
Fsharp_alt,2,2,3,4,3,-1,2,1,2,4,3,0,1
Fsharp_alt,3,-1,-1,1,2,4,3,0,0,1,2,4,3
Fsharp_alt,4,-1,1,2,3,3,1,0,1,2,3,4,0
Fsharp_aug,1,-1,-1,4,3,3,2,0,0,4,2,3,1
Fsharp_aug,2,-1,-1,4,3,3,-1,0,0,2,1,1,0
Fsharp_aug,3,-1,3,2,1,1,-1,0,3,2,1,1,0
Fsharp_aug,4,4,3,2,1,1,-1,4,3,2,1,1,0
Fsharp_aug,5,4,3,2,1,-1,-1,0,0,0,0,0,0
Fsharp_aug,6,-1,-1,4,2,3,1,0,0,0,0,0,0
Fsharp_aug,7,2,1,0,-1,-1,-1,0,0,0,0,0,0
Fsharp_5,1,2,4,-1,-1,-1,-1,1,3,0,0,0,0
Fsharp_5,2,-1,1,3,-1,-1,-1,0,1,3,0,0,0
Fsharp_5,3,2,4,4,-1,-1,-1,1,3,4,0,0,0
Fsharp_5,4,1,3,-1,-1,-1,-1,0,0,0,0,0,0
Fsharp_5,5,1,3,4,-1,-1,-1,0,0,0,0,0,0
Fsharp_5,6,-1,1,3,4,-1,-1,0,0,0,0,0,0
Fsharp_6,1,2,-1,1,3,2,-1,2,0,1,4,3,0
Fsharp_6,2,2,-1,4,3,4,2,1,0,3,2,4,1
Fsharp_6,3,-1,1,1,3,1,3,0,1,1,3,1,4
Fsharp_6,4,-1,1,3,3,3,3,0,1,3,3,3,3
Fsharp_6,5,1,-1,3,2,4,1,0,0,0,0,0,0
Fsharp_6,6,-1,4,2,3,1,-1,0,0,0,0,0,0
Fsharp_6,7,2,-1,1,4,3,-1,0,0,0,0,0,0
Fsharp_69,1,2,1,1,1,2,2,2,1,1,1,3,4
Fsharp_69,2,-1,-1,4,3,4,4,0,0,2,1,3,4
Fsharp_69,3,-1,1,1,1,2,1,0,1,1,1,2,1
Fsharp_69,4,-1,2,1,1,2,2,0,2,1,1,3,4
Fsharp_69,5,2,1,1,1,3,4,0,0,0,0,0,0
Fsharp_69,6,-1,-1,2,1,3,4,0,0,0,0,0,0
Fsharp_69,7,-1,2,1,1,3,4,0,0,0,0,0,0
Fsharp_7,1,2,4,2,3,2,2,1,3,1,2,1,1
Fsharp_7,2,-1,1,1,3,2,3,0,1,1,3,2,4
Fsharp_7,3,-1,3,2,3,1,-1,0,3,2,4,1,0
Fsharp_7,4,1,1,3,1,3,1,1,1,3,1,4,1
Fsharp_7,5,1,3,1,2,4,1,0,0,0,0,0,0
Fsharp_7,6,-1,3,2,4,1,-1,0,0,0,0,0,0
Fsharp_7,7,-1,1,3,1,4,1,0,0,0,0,0,0
Fsharp_7,8,1,3,1,2,1,1,0,0,0,0,0,0
Fsharp_7,9,1,-1,2,4,3,-1,0,0,0,0,0,0
Fsharp_7,10,-1,-1,-1,2,1,3,0,0,0,0,0,0
Fsharp_7,11,1,-1,2,3,-1,-1,0,0,0,0,0,0
Fsharp_7,12,-1,2,1,3,-1,-1,0,0,0,0,0,0
Fsharp_7,13,-1,-1,1,3,2,4,0,0,0,0,0,0
Fsharp_7,14,-1,3,-1,2,1,-1,0,0,0,0,0,0
Fsharp_7b5,1,2,-1,2,3,1,-1,2,0,3,4,1,0
Fsharp_7b5,2,-1,-1,1,2,2,3,0,0,1,2,3,4
Fsharp_7b5,3,-1,1,2,3,1,2,0,1,2,4,1,3
Fsharp_7b5,4,-1,1,2,1,3,0,0,1,2,1,3,0
Fsharp_7b5,5,1,3,2,4,-1,-1,0,0,0,0,0,0
Fsharp_7b5,6,-1,-1,1,2,3,4,0,0,0,0,0,0
Fsharp_7b5,7,-1,1,2,1,3,-1,0,0,0,0,0,0
Fsharp_aug7,1,2,-1,2,3,3,-1,1,0,2,3,4,0
Fsharp_aug7,2,-1,-1,1,4,2,3,0,0,1,4,2,3
Fsharp_aug7,3,-1,3,2,1,1,0,0,4,3,1,2,0
Fsharp_aug7,4,-1,1,4,1,3,2,0,1,4,1,3,2
Fsharp_aug7,5,1,-1,1,2,3,1,0,0,0,0,0,0
Fsharp_aug7,6,-1,1,2,1,1,-1,0,0,0,0,0,0
Fsharp_9,1,2,4,2,3,2,4,1,3,1,2,1,4
Fsharp_9,2,-1,-1,2,1,3,2,0,0,2,1,4,3
Fsharp_9,3,2,2,1,2,2,2,2,2,1,3,3,4
Fsharp_9,4,-1,1,1,1,1,2,0,1,1,1,1,2
Fsharp_9,5,-1,-1,2,1,3,4,0,0,0,0,0,0
Fsharp_9,6,-1,-1,1,3,2,1,0,0,0,0,0,0
Fsharp_9,7,-1,2,1,3,4,-1,0,0,0,0,0,0
Fsharp_9,8,-1,2,1,3,3,3,0,0,0,0,0,0
Fsharp_9,9,-1,-1,3,2,1,4,0,0,0,0,0,0
Fsharp_9,10,-1,1,3,2,4,-1,0,0,0,0,0,0
Fsharp_9,11,2,-1,1,3,4,-1,0,0,0,0,0,0
Fsharp_9,12,-1,-1,1,3,3,3,0,0,0,0,0,0
Fsharp_9b5,1,2,1,2,1,1,2,2,1,3,1,1,4
Fsharp_9b5,2,2,1,2,1,1,0,2,1,3,1,1,0
Fsharp_9b5,3,-1,1,2,1,3,2,0,1,2,1,4,3
Fsharp_9b5,4,-1,2,1,2,2,1,0,2,1,3,4,1
Fsharp_9b5,5,2,1,3,1,1,4,0,0,0,0,0,0
Fsharp_9b5,6,-1,-1,1,2,3,1,0,0,0,0,0,0
Fsharp_9b5,7,1,2,1,3,4,1,0,0,0,0,0,0
Fsharp_aug9,1,2,1,2,1,3,0,2,1,3,1,4,0
Fsharp_aug9,2,-1,3,2,1,3,0,0,3,2,1,4,0
Fsharp_aug9,3,-1,2,1,2,2,3,0,2,1,3,3,4
Fsharp_aug9,4,4,-1,2,3,1,0,4,0,2,3,1,0
Fsharp_aug9,5,-1,1,2,1,1,-1,0,0,0,0,0,0
Fsharp_7b9,1,2,1,2,0,2,0,2,1,3,0,4,0
Fsharp_7b9,2,-1,-1,2,1,3,1,0,0,2,1,3,1
Fsharp_7b9,3,-1,2,1,2,1,2,0,2,1,3,1,4
Fsharp_7b9,4,3,2,3,1,-1,-1,3,2,4,1,0,0
Fsharp_7b9,5,1,-1,1,2,1,3,0,0,0,0,0,0
Fsharp_7b9,6,-1,2,1,3,1,-1,0,0,0,0,0,0
Fsharp_7#9,1,2,1,2,2,2,2,2,1,3,3,3,4
Fsharp_7#9,2,1,3,1,2,1,4,1,3,1,2,1,4
Fsharp_7#9,3,-1,-1,2,1,3,3,0,0,2,1,3,4
Fsharp_7#9,4,-1,2,1,2,3,-1,0,2,1,3,4,0
Fsharp_7#9,5,2,1,3,3,3,3,0,0,0,0,0,0
Fsharp_7#9,6,-1,2,1,3,4,-1,0,0,0,0,0,0
Fsharp_7#9,7,1,3,1,2,4,4,0,0,0,0,0,0
Fsharp_11,1,2,1,2,1,0,0,3,1,4,2,0,0
Fsharp_11,2,1,1,1,1,2,3,1,1,1,1,2,3
Fsharp_11,3,-1,3,2,3,1,1,0,3,2,4,1,1
Fsharp_11,4,-1,1,1,1,3,1,0,1,1,1,3,1
Fsharp_11,5,2,-1,3,1,0,0,0,0,0,0,0,0
Fsharp_11,6,-1,-1,1,1,2,1,0,0,0,0,0,0
Fsharp_11,7,-1,1,1,1,1,1,0,0,0,0,0,0
Fsharp_9#11,1,2,1,2,1,1,2,2,1,3,1,1,4
Fsharp_9#11,2,-1,-1,1,2,2,3,0,0,1,2,3,4
Fsharp_9#11,3,-1,2,1,2,2,1,0,2,1,3,4,1
Fsharp_9#11,4,-1,1,2,1,3,1,0,1,2,1,3,1
Fsharp_9#11,5,-1,1,3,2,-1,-1,0,0,0,0,0,0
Fsharp_9#11,6,2,-1,3,4,1,-1,0,0,0,0,0,0
Fsharp_9#11,7,2,-1,3,4,1,0,0,0,0,0,0,0
Fsharp_13,1,2,2,1,3,0,0,2,3,1,4,0,0
Fsharp_13,2,2,2,2,3,4,4,1,1,1,2,3,4
Fsharp_13,3,-1,3,2,2,1,0,0,4,2,3,1,0
Fsharp_13,4,1,1,1,1,3,3,1,1,1,1,3,4
Fsharp_13,5,1,-1,1,2,3,4,0,0,0,0,0,0
Fsharp_13,6,-1,2,1,3,3,4,0,0,0,0,0,0
Fsharp_13,7,-1,1,3,1,1,4,0,0,0,0,0,0
Fsharp_13,8,1,-1,2,3,4,-1,0,0,0,0,0,0
Fsharp_13,9,-1,1,3,4,2,-1,0,0,0,0,0,0
Fsharp_13,10,-1,-1,1,2,2,4,0,0,0,0,0,0
Fsharp_13,11,-1,-1,1,3,3,4,0,0,0,0,0,0
Fsharp_maj7,1,2,4,3,3,2,2,1,4,2,3,1,1
Fsharp_maj7,2,-1,1,1,3,3,3,0,1,1,3,3,3
Fsharp_maj7,3,-1,4,3,1,1,1,0,4,3,1,1,1
Fsharp_maj7,4,1,1,3,2,3,1,1,1,3,2,4,1
Fsharp_maj7,5,1,4,2,3,1,-1,0,0,0,0,0,0
Fsharp_maj7,6,-1,1,3,2,4,1,0,0,0,0,0,0
Fsharp_maj7,7,2,4,1,-1,-1,-1,0,0,0,0,0,0
Fsharp_maj7,8,1,-1,3,4,2,-1,0,0,0,0,0,0
Fsharp_maj7b5,1,2,1,3,3,1,1,2,1,3,4,1,1
Fsharp_maj7b5,2,-1,-1,1,2,3,3,0,0,1,2,3,4
Fsharp_maj7b5,3,-1,2,1,3,4,1,0,2,1,3,4,1
Fsharp_maj7b5,4,-1,1,2,2,3,-1,0,1,2,3,4,0
Fsharp_maj7#5,1,2,-1,3,3,3,-1,1,0,2,3,4,0
Fsharp_maj7#5,2,1,4,3,2,1,1,1,4,3,2,1,1
Fsharp_maj7#5,3,-1,1,4,2,3,-1,0,1,4,2,3,0
Fsharp_maj7#5,4,-1,-1,2,1,1,3,0,0,2,1,1,4
Fsharp_maj9,1,2,1,3,1,2,1,2,1,4,1,3,1
Fsharp_maj9,2,2,-1,3,3,2,4,1,0,2,3,1,4
Fsharp_maj9,3,-1,-1,2,1,4,2,0,0,2,1,4,3
Fsharp_maj9,4,2,2,1,3,2,-1,2,2,1,4,3,0
Fsharp_maj9,5,-1,-1,4,1,2,1,0,0,0,0,0,0
Fsharp_maj9,6,-1,4,1,1,1,1,0,0,0,0,0,0
Fsharp_maj9,7,-1,2,1,4,3,-1,0,0,0,0,0,0
Fsharp_maj11,1,2,2,3,3,2,2,1,1,2,3,1,1
Fsharp_maj11,2,-1,-1,1,1,3,3,0,0,1,1,3,4
Fsharp_maj11,3,-1,2,1,3,0,2,0,2,1,4,0,3
Fsharp_maj11,4,1,1,1,2,3,1,1,1,1,2,4,1
Fsharp_maj13,1,2,1,1,1,2,1,2,1,1,1,3,1
Fsharp_maj13,2,-1,3,1,1,3,3,0,2,1,1,3,4
Fsharp_maj13,3,-1,4,3,3,1,1,0,4,2,3,1,1
Fsharp_maj13,4,-1,1,1,2,3,3,0,1,1,2,3,4
Fsharp_maj13,5,1,-1,2,3,4,-1,0,0,0,0,0,0
Fsharp_m6,1,2,-1,1,2,2,2,2,0,1,3,3,4
Fsharp_m6,2,-1,1,1,3,1,2,0,1,1,3,1,2
Fsharp_m6,3,-1,3,1,2,1,3,0,3,1,2,1,4
Fsharp_m6,4,-1,2,4,1,3,-1,0,2,4,1,3,0
Fsharp_m6,5,1,-1,3,1,4,1,0,0,0,0,0,0
Fsharp_m6,6,-1,3,1,2,1,-1,0,0,0,0,0,0
Fsharp_m6,7,-1,1,-1,3,2,4,0,0,0,0,0,0
Fsharp_m7,1,2,4,2,2,2,2,1,3,1,1,1,1
Fsharp_m7,2,-1,-1,1,3,2,2,0,0,1,4,2,3
Fsharp_m7,3,1,1,3,1,2,1,1,1,3,1,2,1
Fsharp_m7,4,-1,-1,2,2,1,3,0,0,2,3,1,4
Fsharp_m7,5,1,3,1,1,4,1,0,0,0,0,0,0
Fsharp_m7,6,-1,-1,1,4,2,3,0,0,0,0,0,0
Fsharp_m7,7,-1,1,3,1,2,1,0,0,0,0,0,0
Fsharp_m7,8,1,3,1,1,1,1,0,0,0,0,0,0
Fsharp_m7,9,-1,2,1,3,4,-1,0,0,0,0,0,0
Fsharp_m7,10,2,-1,3,3,3,-1,0,0,0,0,0,0
Fsharp_m7,11,2,-1,3,3,-1,-1,0,0,0,0,0,0
Fsharp_m7,12,-1,2,-1,3,4,-1,0,0,0,0,0,0
Fsharp_m7,13,-1,-1,1,1,1,1,0,0,0,0,0,0
Fsharp_m7,14,1,3,1,1,1,4,0,0,0,0,0,0
Fsharp_m7,15,-1,1,-1,2,4,3,0,0,0,0,0,0
Fsharp_m7,16,1,-1,-1,-1,2,0,0,0,0,0,0,0
Fsharp_m7b5,1,2,0,2,2,1,0,2,0,3,4,1,0
Fsharp_m7b5,2,-1,-1,1,2,2,2,0,0,1,2,2,2
Fsharp_m7b5,3,-1,1,2,1,2,-1,0,1,3,2,4,0
Fsharp_m7b5,4,-1,-1,1,2,1,3,0,0,1,2,1,4
Fsharp_m9,1,2,0,2,1,2,0,2,0,3,1,4,0
Fsharp_m9,2,2,4,2,2,2,4,1,2,1,1,1,3
Fsharp_m9,3,-1,3,1,3,3,3,0,2,1,3,4,4
Fsharp_m9,4,-1,-1,2,4,1,3,0,0,2,4,1,3
Fsharp_m9,5,1,3,1,1,1,4,0,0,0,0,0,0
Fsharp_m9,6,-1,-1,2,1,4,3,0,0,0,0,0,0
Fsharp_m9,7,-1,2,1,3,4,-1,0,0,0,0,0,0
Fsharp_m69,1,2,0,1,1,2,2,2,0,1,1,3,4
Fsharp_m69,2,2,4,4,2,4,4,1,2,2,1,3,4
Fsharp_m69,3,2,1,1,3,1,1,2,1,1,3,1,1
Fsharp_m69,4,-1,3,1,2,3,-1,0,3,1,2,4,0
Fsharp_m11,1,2,0,2,1,0,0,2,0,3,1,0,0
Fsharp_m11,2,2,2,2,2,2,4,1,1,1,1,1,4
Fsharp_m11,3,-1,-1,1,1,2,2,0,0,1,1,2,3
Fsharp_m11,4,-1,3,1,3,3,1,0,2,1,3,4,1
Fsharp_m11,5,-1,3,1,4,0,0,0,0,0,0,0,0
Fsharp_m11,6,1,3,4,1,0,0,0,0,0,0,0,0
Fsharp_m11,7,-1,1,1,1,2,-1,0,0,0,0,0,0
Fsharp_m11,8,2,-1,3,4,0,-1,0,0,0,0,0,0
Fsharp_m11,9,2,-1,3,4,0,0,0,0,0,0,0,0
Fsharp_m11,10,-1,1,3,4,0,0,0,0,0,0,0,0
Fsharp_m11,11,-1,-1,3,1,4,-1,0,0,0,0,0,0
Fsharp_m11,12,-1,1,4,1,2,1,0,0,0,0,0,0
Fsharp_mmaj7,1,2,4,3,2,2,2,1,3,2,1,1,1
Fsharp_mmaj7,2,-1,1,1,3,3,2,0,1,1,3,4,2
Fsharp_mmaj7,3,-1,4,2,1,1,-1,0,4,2,1,1,0
Fsharp_mmaj7,4,1,1,3,2,2,1,1,1,4,2,3,1
Fsharp_mmaj7b5,1,2,3,3,2,-1,2,1,2,3,1,0,1
Fsharp_mmaj7b5,2,-1,-1,1,2,3,2,0,0,1,2,4,3
Fsharp_mmaj7b5,3,1,2,3,3,3,-1,1,2,3,3,3,0
Fsharp_mmaj7b5,4,-1,1,2,2,2,-1,0,1,2,3,4,0
Fsharp_mmaj9,1,2,0,3,1,2,1,2,0,4,1,3,1
Fsharp_mmaj9,2,2,0,3,1,2,-1,2,0,4,1,3,0
Fsharp_mmaj9,3,2,4,3,2,2,4,1,3,2,1,1,4
Fsharp_mmaj9,4,-1,3,1,4,3,-1,0,2,1,4,3,0
Fsharp_mmaj11,1,2,2,3,2,2,4,1,1,2,1,1,4
Fsharp_mmaj11,2,-1,1,1,1,3,2,0,1,1,1,3,2
Fsharp_mmaj11,3,-1,3,1,4,3,1,0,2,1,4,3,1
Fsharp_mmaj11,4,1,1,1,2,2,1,1,1,1,2,3,1
Fsharp_add9,1,2,1,-1,1,2,2,3,1,0,2,4,4
Fsharp_add9,2,-1,-1,4,3,2,4,0,0,3,2,1,4
Fsharp_add9,3,-1,4,3,1,4,1,0,3,2,1,4,1
Fsharp_add9,4,-1,2,1,-1,2,2,0,2,1,0,3,4
Fsharp_madd9,1,-1,-1,4,2,2,4,0,0,3,1,1,4
Fsharp_madd9,2,2,4,4,2,2,4,1,2,3,1,1,4
Fsharp_madd9,3,-1,4,2,1,4,-1,0,3,2,1,4,0
Fsharp_madd9,4,-1,3,1,-1,3,3,0,2,1,0,3,4
G_major,1,3,2,0,0,0,3,2,1,0,0,0,3
G_major,2,1,3,3,2,1,1,1,3,4,2,1,1
G_major,3,-1,-1,1,3,4,3,0,0,1,2,4,3
G_major,4,1,4,3,1,2,1,1,4,3,1,2,1
G_major,5,2,1,0,0,0,3,0,0,0,0,0,0
G_major,6,1,3,4,2,1,1,0,0,0,0,0,0
G_major,7,-1,4,3,1,2,1,0,0,0,0,0,0
G_major,8,-1,-1,-1,0,0,3,0,0,0,0,0,0
G_major,9,2,1,0,0,3,4,0,0,0,0,0,0
G_major,10,-1,-1,-1,1,2,1,0,0,0,0,0,0
G_major,11,1,3,4,2,-1,-1,0,0,0,0,0,0
G_major,12,-1,1,3,3,3,-1,0,0,0,0,0,0
G_major,13,3,2,0,-1,-1,-1,0,0,0,0,0,0
G_major,14,2,-1,0,0,0,4,0,0,0,0,0,0
G_major,15,-1,-1,3,2,1,1,0,0,0,0,0,0
G_major,16,-1,1,0,0,3,4,0,0,0,0,0,0
G_major,17,2,1,-1,-1,-1,-1,0,0,0,0,0,0
G_major,18,-1,1,4,-1,-1,-1,0,0,0,0,0,0
G_major,19,-1,1,0,0,0,4,0,0,0,0,0,0
G_major,20,-1,1,3,3,3,1,0,0,0,0,0,0
G_major,21,-1,-1,3,1,2,-1,0,0,0,0,0,0
G_minor,1,3,1,0,0,3,3,2,1,0,0,3,4
G_minor,2,1,3,3,1,1,1,1,3,4,1,1,1
G_minor,3,-1,-1,1,3,4,2,0,0,1,3,4,2
G_minor,4,1,1,3,3,2,1,1,1,3,4,2,1
G_minor,5,1,3,4,1,1,1,0,0,0,0,0,0
G_minor,6,-1,1,3,4,2,1,0,0,0,0,0,0
G_dim,1,3,1,-1,3,2,-1,3,1,0,4,2,0
G_dim,2,-1,-1,1,2,-1,2,0,0,1,2,0,3
G_dim,3,-1,3,1,-1,1,2,0,1,2,4,3,0
G_dim,4,-1,1,2,3,2,-1,0,1,2,4,3,0
G_dim,5,-1,-1,4,3,1,2,0,0,0,0,0,0
G_dim,6,-1,-1,1,2,4,3,0,0,0,0,0,0
G_dim,7,-1,1,2,4,3,-1,0,0,0,0,0,0
G_dim,8,-1,-1,3,1,4,-1,0,0,0,0,0,0
G_dim,9,-1,-1,-1,2,1,3,0,0,0,0,0,0
G_dim,10,-1,-1,4,2,1,-1,0,0,0,0,0,0
G_dim,11,-1,2,3,1,-1,-1,0,0,0,0,0,0
G_dim,12,3,1,2,-1,-1,-1,0,0,0,0,0,0
G_dim,13,-1,-1,-1,1,3,1,0,0,0,0,0,0
G_dim,14,-1,4,2,1,-1,-1,0,0,0,0,0,0
G_dim,15,2,3,1,-1,-1,-1,0,0,0,0,0,0
G_dim,16,-1,-1,-1,3,2,1,0,0,0,0,0,0
G_dim,17,-1,-1,1,3,2,-1,0,0,0,0,0,0
G_dim,18,-1,3,1,2,-1,-1,0,0,0,0,0,0
G_dim,19,4,2,1,-1,-1,-1,0,0,0,0,0,0
G_dim7,1,3,1,-1,3,2,0,3,1,0,4,2,0
G_dim7,2,3,-1,2,3,2,0,3,0,1,4,2,0
G_dim7,3,1,2,3,1,3,1,1,2,3,1,4,1
G_dim7,4,-1,-1,1,2,1,2,0,0,1,3,2,4
G_dim7,5,2,4,1,3,-1,-1,0,0,0,0,0,0
G_dim7,6,-1,2,3,1,4,-1,0,0,0,0,0,0
G_dim7,7,-1,-1,1,3,2,4,0,0,0,0,0,0
G_dim7,8,-1,3,1,2,-1,-1,0,0,0,0,0,0
G_dim7,9,2,-1,1,3,-1,-1,0,0,0,0,0,0
G_dim7,10,2,4,1,0,-1,-1,0,0,0,0,0,0
G_sus2,1,3,0,0,0,3,3,1,0,0,0,2,3
G_sus2,2,1,1,1,3,4,1,1,1,1,3,4,1
G_sus2,3,-1,4,1,1,2,4,0,3,1,1,2,4
G_sus2,4,1,1,3,3,1,1,1,1,3,4,1,1
G_sus2,5,-1,1,3,4,1,-1,0,0,0,0,0,0
G_sus2,6,-1,4,1,1,-1,-1,0,0,0,0,0,0
G_sus4,1,3,3,0,0,1,3,2,3,0,0,1,4
G_sus4,2,1,3,3,3,1,1,1,2,3,4,1,1
G_sus4,3,-1,1,1,3,4,4,0,1,1,3,4,4
G_sus4,4,1,1,3,3,4,1,1,1,2,3,4,1
G_sus4,5,3,-1,0,0,1,4,0,0,0,0,0,0
G_sus4,6,1,1,3,4,1,1,0,0,0,0,0,0
G_sus4,7,-1,1,2,3,4,1,0,0,0,0,0,0
G_sus4,8,-1,-1,3,4,1,1,0,0,0,0,0,0
G_sus2sus4,1,3,3,0,2,1,-1,3,4,0,2,1,0
G_sus2sus4,2,3,3,0,2,3,-1,2,3,0,1,4,0
G_sus2sus4,3,3,0,0,2,1,3,3,0,0,2,1,4
G_sus2sus4,4,1,1,3,3,1,3,1,1,2,3,1,4
G_sus2sus4,5,-1,1,1,3,1,1,0,1,1,3,1,1
G_7sus4,1,3,3,0,0,1,1,2,3,0,0,1,1
G_7sus4,2,1,3,1,3,1,1,1,3,1,4,1,1
G_7sus4,3,-1,3,3,3,1,1,0,2,3,4,1,1
G_7sus4,4,1,1,3,1,4,1,1,1,3,1,4,1
G_7sus4,5,3,-1,4,0,1,-1,0,0,0,0,0,0
G_7sus4,6,1,3,1,4,1,1,0,0,0,0,0,0
G_7sus4,7,-1,2,3,4,1,-1,0,0,0,0,0,0
G_alt,1,3,2,-1,0,2,3,3,1,0,0,2,4
G_alt,2,-1,-1,1,2,0,3,0,0,1,2,0,3
G_alt,3,-1,2,1,0,0,1,0,3,1,0,0,2
G_alt,4,-1,1,2,3,3,-1,0,1,2,3,4,0
G_aug,1,3,2,1,0,0,-1,3,2,1,0,0,0
G_aug,2,1,-1,3,2,2,-1,1,0,4,2,3,0
G_aug,3,-1,-1,2,1,1,-1,0,0,2,1,1,0
G_aug,4,-1,3,2,1,1,-1,0,3,2,1,1,0
G_aug,5,4,3,2,1,-1,-1,0,0,0,0,0,0
G_aug,6,-1,-1,4,2,3,1,0,0,0,0,0,0
G_aug,7,-1,-1,-1,2,3,1,0,0,0,0,0,0
G_aug,8,-1,3,2,1,-1,-1,0,0,0,0,0,0
G_aug,9,3,2,1,-1,-1,-1,0,0,0,0,0,0
G_5,1,1,3,-1,-1,-1,-1,1,3,0,0,0,0
G_5,2,-1,1,3,-1,-1,-1,0,1,3,0,0,0
G_5,3,1,3,3,-1,-1,-1,1,3,4,0,0,0
G_5,4,-1,-1,1,1,-1,-1,0,0,0,0,0,0
G_5,5,1,3,4,-1,-1,-1,0,0,0,0,0,0
G_5,6,-1,1,3,4,-1,-1,0,0,0,0,0,0
G_5,7,-1,1,1,-1,-1,-1,0,0,0,0,0,0
G_5,8,2,-1,0,0,3,-1,0,0,0,0,0,0
G_5,9,2,-1,0,0,-1,-1,0,0,0,0,0,0
G_5,10,-1,-1,1,3,-1,-1,0,0,0,0,0,0
G_5,11,-1,1,4,-1,-1,-1,0,0,0,0,0,0
G_5,12,-1,-1,1,3,4,-1,0,0,0,0,0,0
G_5,13,-1,-1,-1,1,2,4,0,0,0,0,0,0
G_6,1,3,2,0,0,0,0,2,1,0,0,0,0
G_6,2,3,-1,2,4,3,-1,2,0,1,4,3,0
G_6,3,-1,1,1,3,1,3,0,1,1,3,1,4
G_6,4,-1,1,3,3,3,3,0,1,3,3,3,4
G_6,5,1,2,0,0,0,0,0,0,0,0,0,0
G_6,6,1,-1,3,2,4,1,0,0,0,0,0,0
G_6,7,-1,4,2,3,1,-1,0,0,0,0,0,0
G_6,8,-1,-1,-1,2,1,0,0,0,0,0,0,0
G_6,9,1,3,4,2,0,0,0,0,0,0,0,0
G_6,10,-1,-1,3,2,1,0,0,0,0,0,0,0
G_6,11,-1,-1,0,0,3,0,0,0,0,0,0,0
G_6,12,-1,3,2,0,1,0,0,0,0,0,0,0
G_6,13,-1,-1,3,2,3,1,0,0,0,0,0,0
G_6,14,-1,-1,-1,0,0,0,0,0,0,0,0,0
G_6,15,2,1,0,0,3,0,0,0,0,0,0,0
G_6,16,2,-1,1,4,3,-1,0,0,0,0,0,0
G_6,17,-1,-1,3,2,4,0,0,0,0,0,0,0
G_6,18,1,-1,4,3,2,0,0,0,0,0,0,0
G_6,19,-1,2,3,1,0,0,0,0,0,0,0,0
G_6,20,1,4,-1,-1,-1,-1,0,0,0,0,0,0
G_6,21,0,2,3,1,0,0,0,0,0,0,0,0
G_6,22,3,-1,0,0,4,0,0,0,0,0,0,0
G_69,1,3,0,0,0,0,0,1,0,0,0,0,0
G_69,2,3,2,2,2,3,3,2,1,1,1,3,4
G_69,3,-1,2,2,1,2,2,0,2,2,1,3,4
G_69,4,-1,2,1,1,2,2,0,2,1,1,3,4
G_69,5,2,1,1,1,3,4,0,0,0,0,0,0
G_69,6,-1,-1,2,1,3,4,0,0,0,0,0,0
G_69,7,-1,2,1,1,3,4,0,0,0,0,0,0
G_7,1,3,2,0,0,0,1,3,2,0,0,0,1
G_7,2,1,3,1,2,1,1,1,3,1,2,1,1
G_7,3,-1,1,1,3,2,3,0,1,1,3,2,4
G_7,4,1,1,3,1,3,1,1,1,3,1,4,1
G_7,5,1,3,1,2,4,1,0,0,0,0,0,0
G_7,6,-1,3,2,4,1,-1,0,0,0,0,0,0
G_7,7,-1,2,3,0,4,-1,0,0,0,0,0,0
G_7,8,2,1,3,0,0,4,0,0,0,0,0,0
G_7,9,3,2,0,0,4,1,0,0,0,0,0,0
G_7,10,3,2,4,0,0,1,0,0,0,0,0,0
G_7,11,-1,-1,-1,2,1,3,0,0,0,0,0,0
G_7,12,-1,2,1,3,0,4,0,0,0,0,0,0
G_7,13,-1,-1,3,2,4,1,0,0,0,0,0,0
G_7,14,-1,-1,1,3,2,4,0,0,0,0,0,0
G_7,15,1,-1,2,3,-1,-1,0,0,0,0,0,0
G_7,16,-1,2,1,3,-1,-1,0,0,0,0,0,0
G_7,17,-1,-1,-1,0,0,1,0,0,0,0,0,0
G_7,18,1,-1,2,4,3,-1,0,0,0,0,0,0
G_7,19,-1,1,2,4,3,-1,0,0,0,0,0,0
G_7,20,-1,3,1,2,1,-1,0,0,0,0,0,0
G_7,21,3,-1,1,4,2,-1,0,0,0,0,0,0
G_7,22,-1,-1,4,2,1,3,0,0,0,0,0,0
G_7b5,1,3,-1,3,4,2,-1,2,0,3,4,1,0
G_7b5,2,-1,-1,1,2,2,3,0,0,1,2,3,4
G_7b5,3,-1,2,1,2,0,1,0,3,1,4,0,2
G_7b5,4,-1,1,2,1,3,-1,0,1,2,1,3,0
G_7b5,5,1,3,2,4,-1,-1,0,0,0,0,0,0
G_7b5,6,-1,-1,1,2,3,4,0,0,0,0,0,0
G_aug7,1,3,2,1,0,0,1,4,3,1,0,0,2
G_aug7,2,3,-1,3,4,4,-1,1,0,2,3,4,0
G_aug7,3,-1,-1,1,4,2,3,0,0,1,4,2,3
G_aug7,4,-1,1,4,1,3,2,0,1,4,1,3,2
G_aug7,5,1,-1,1,2,3,1,0,0,0,0,0,0
G_aug7,6,-1,1,2,1,1,-1,0,0,0,0,0,0
G_aug7,7,1,-1,2,3,4,-1,0,0,0,0,0,0
G_9,1,3,0,0,0,0,1,3,0,0,0,0,1
G_9,2,3,2,3,2,3,-1,2,1,3,1,4,0
G_9,3,1,3,1,2,1,3,1,3,1,2,1,4
G_9,4,2,2,1,2,2,2,2,2,1,3,3,4
G_9,5,-1,1,3,2,4,-1,0,0,0,0,0,0
G_9,6,-1,-1,2,1,3,4,0,0,0,0,0,0
G_9,7,-1,2,1,3,4,-1,0,0,0,0,0,0
G_9,8,-1,2,1,3,3,3,0,0,0,0,0,0
G_9,9,-1,-1,1,2,1,4,0,0,0,0,0,0
G_9,10,1,3,1,2,1,4,0,0,0,0,0,0
G_9,11,-1,-1,1,3,2,1,0,0,0,0,0,0
G_9,12,-1,-1,3,2,1,4,0,0,0,0,0,0
G_9,13,-1,-1,1,2,2,2,0,0,0,0,0,0
G_9,14,3,-1,0,2,0,1,0,0,0,0,0,0
G_9b5,1,3,2,3,2,2,3,2,1,3,1,1,4
G_9b5,2,1,2,1,2,0,3,1,2,1,3,0,4
G_9b5,3,-1,2,1,2,2,1,0,2,1,3,4,1
G_9b5,4,-1,2,1,0,0,3,0,2,1,0,0,3
G_9b5,5,2,1,3,1,1,4,0,0,0,0,0,0
G_9b5,6,-1,-1,1,2,3,1,0,0,0,0,0,0
G_9b5,7,1,2,1,3,4,1,0,0,0,0,0,0
G_aug9,1,3,0,1,0,0,1,3,0,2,0,0,1
G_aug9,2,3,2,3,2,4,-1,2,1,3,1,4,0
G_aug9,3,-1,2,1,2,2,3,0,2,1,3,3,4
G_aug9,4,-1,1,2,0,1,2,0,1,3,0,2,4
G_7b9,1,3,2,0,1,3,1,3,2,0,1,4,1
G_7b9,2,3,-1,3,4,3,4,1,0,1,2,1,3
G_7b9,3,-1,-1,2,1,3,1,0,0,2,1,3,1
G_7b9,4,-1,2,1,2,1,2,0,2,1,3,1,4
G_7b9,5,3,2,4,1,0,-1,0,0,0,0,0,0
G_7b9,6,1,-1,1,2,1,3,0,0,0,0,0,0
G_7b9,7,-1,2,1,3,1,-1,0,0,0,0,0,0
G_7b9,8,-1,2,3,1,4,-1,0,0,0,0,0,0
G_7b9,9,-1,-1,1,3,2,4,0,0,0,0,0,0
G_7b9,10,-1,-1,3,1,4,-1,0,0,0,0,0,0
G_7b9,11,3,1,2,-1,4,-1,0,0,0,0,0,0
G_7#9,1,3,2,0,3,0,1,3,2,0,4,0,1
G_7#9,2,1,3,1,2,4,4,1,3,1,2,4,4
G_7#9,3,-1,2,2,1,3,3,0,2,3,1,4,4
G_7#9,4,-1,2,1,2,3,-1,0,2,1,3,4,0
G_7#9,5,2,1,3,3,3,3,0,0,0,0,0,0
G_7#9,6,1,3,1,2,1,4,0,0,0,0,0,0
G_7#9,7,-1,2,1,3,4,-1,0,0,0,0,0,0
G_11,1,3,2,0,0,1,1,3,2,0,0,1,1
G_11,2,1,1,1,1,2,3,1,1,1,1,2,3
G_11,3,-1,3,2,3,1,1,0,3,2,4,1,1
G_11,4,-1,1,1,1,3,1,0,1,1,1,3,1
G_11,5,3,-1,4,2,1,1,0,0,0,0,0,0
G_11,6,-1,-1,1,1,2,1,0,0,0,0,0,0
G_11,7,-1,1,1,1,1,1,0,0,0,0,0,0
G_9#11,1,3,2,3,2,2,3,2,1,3,1,1,4
G_9#11,2,-1,-1,1,2,2,3,0,0,1,2,3,4
G_9#11,3,-1,2,1,2,2,1,0,2,1,3,4,1
G_9#11,4,-1,1,2,1,3,1,0,1,2,1,3,1
G_9#11,5,2,-1,3,4,1,-1,0,0,0,0,0,0
G_9#11,6,-1,1,3,2,-1,-1,0,0,0,0,0,0
G_13,1,3,0,2,0,0,1,3,0,2,0,0,1
G_13,2,1,-1,1,2,3,3,1,0,1,2,3,4
G_13,3,1,3,1,2,3,1,1,3,1,2,4,1
G_13,4,-1,2,1,2,2,4,0,2,1,3,3,4
G_13,5,3,-1,4,2,0,0,0,0,0,0,0,0
G_13,6,1,-1,1,2,3,4,0,0,0,0,0,0
G_13,7,-1,2,1,3,3,4,0,0,0,0,0,0
G_13,8,1,-1,2,3,4,-1,0,0,0,0,0,0
G_13,9,1,3,1,2,4,1,0,0,0,0,0,0
G_13,10,1,3,1,2,4,4,0,0,0,0,0,0
G_13,11,-1,-1,1,2,3,4,0,0,0,0,0,0
G_13,12,-1,-1,1,2,3,1,0,0,0,0,0,0
G_13,13,-1,-1,1,2,2,4,0,0,0,0,0,0
G_13,14,-1,1,3,4,2,-1,0,0,0,0,0,0
G_13,15,-1,-1,3,0,0,0,0,0,0,0,0,0
G_13,16,-1,1,3,2,4,0,0,0,0,0,0,0
G_13,17,-1,-1,3,1,0,0,0,0,0,0,0,0
G_13,18,-1,1,3,3,3,-1,0,0,0,0,0,0
G_13,19,-1,1,3,3,3,4,0,0,0,0,0,0
G_13,20,-1,-1,1,2,4,3,0,0,0,0,0,0
G_13,21,3,-1,4,1,0,0,0,0,0,0,0,0
G_maj7,1,3,2,0,0,0,2,3,2,0,0,0,1
G_maj7,2,1,3,2,2,1,1,1,4,2,3,1,1
G_maj7,3,-1,1,1,3,3,3,0,1,1,3,3,3
G_maj7,4,-1,1,3,2,3,1,0,1,3,2,4,1
G_maj7,5,-1,-1,4,3,2,1,0,0,0,0,0,0
G_maj7,6,1,4,2,3,1,-1,0,0,0,0,0,0
G_maj7,7,-1,4,3,1,1,1,0,0,0,0,0,0
G_maj7,8,1,-1,3,4,2,-1,0,0,0,0,0,0
G_maj7,9,-1,1,3,2,4,-1,0,0,0,0,0,0
G_maj7,10,-1,1,0,0,3,2,0,0,0,0,0,0
G_maj7,11,3,-1,0,0,0,2,0,0,0,0,0,0
G_maj7,12,-1,1,-1,0,3,2,0,0,0,0,0,0
G_maj7,13,-1,-1,2,4,1,3,0,0,0,0,0,0
G_maj7,14,-1,1,3,2,4,1,0,0,0,0,0,0
G_maj7,15,-1,-1,1,4,4,4,0,0,0,0,0,0
G_maj7,16,2,-1,1,3,4,-1,0,0,0,0,0,0
G_maj7,17,-1,-1,0,0,0,2,0,0,0,0,0,0
G_maj7,18,-1,3,2,0,0,1,0,0,0,0,0,0
G_maj7,19,1,2,0,0,0,3,0,0,0,0,0,0
G_maj7,20,1,1,3,0,-1,-1,0,0,0,0,0,0
G_maj7,21,3,-1,2,4,1,-1,0,0,0,0,0,0
G_maj7,22,3,-1,1,1,1,-1,0,0,0,0,0,0
G_maj7,23,3,2,4,0,0,1,0,0,0,0,0,0
G_maj7,24,-1,1,1,3,4,-1,0,0,0,0,0,0
G_maj7,25,3,2,0,0,0,1,0,0,0,0,0,0
G_maj7b5,1,3,2,4,4,2,2,2,1,3,4,1,1
G_maj7b5,2,3,4,4,4,-1,-1,1,2,3,4,0,0
G_maj7b5,3,-1,-1,1,2,3,3,0,0,1,2,3,4
G_maj7b5,4,-1,1,2,2,3,-1,0,1,2,3,4,0
G_maj7#5,1,-1,-1,1,0,0,2,0,0,1,0,0,3
G_maj7#5,2,3,-1,4,4,4,-1,1,0,2,3,4,0
G_maj7#5,3,1,4,3,2,1,1,1,4,3,2,1,1
G_maj7#5,4,-1,1,4,2,3,-1,0,1,4,2,3,0
G_maj9,1,3,0,0,0,0,2,2,0,0,0,0,1
G_maj9,2,3,2,4,2,3,2,2,1,4,1,3,1
G_maj9,3,-1,-1,2,2,1,3,0,0,2,3,1,4
G_maj9,4,-1,2,1,3,2,-1,0,2,1,4,3,0
G_maj9,5,2,1,4,1,3,-1,0,0,0,0,0,0
G_maj9,6,-1,-1,4,1,2,1,0,0,0,0,0,0
G_maj9,7,-1,2,1,4,3,-1,0,0,0,0,0,0
G_maj11,1,3,2,0,0,1,2,4,2,0,0,1,3
G_maj11,2,3,3,4,4,3,3,1,1,2,3,1,1
G_maj11,3,-1,-1,3,0,1,2,0,0,3,0,1,2
G_maj11,4,1,1,1,2,3,1,1,1,1,2,3,1
G_maj13,1,3,2,2,2,3,2,3,1,1,1,3,1
G_maj13,2,1,1,2,2,3,1,1,1,2,3,4,1
G_maj13,3,-1,4,3,3,1,1,0,4,2,3,1,1
G_maj13,4,-1,1,1,2,3,3,0,1,1,2,3,4
G_m6,1,3,-1,2,3,3,3,2,0,1,3,4,4
G_m6,2,1,3,3,1,3,1,1,2,3,1,4,1
G_m6,3,-1,1,1,3,1,2,0,1,1,3,1,2
G_m6,4,-1,3,1,2,1,3,0,3,1,2,1,4
G_m6,5,1,-1,3,1,4,1,0,0,0,0,0,0
G_m6,6,-1,3,1,2,1,-1,0,0,0,0,0,0
G_m6,7,-1,1,-1,3,2,4,0,0,0,0,0,0
G_m6,8,2,-1,0,3,4,0,0,0,0,0,0,0
G_m7,1,1,3,1,1,1,1,1,3,1,1,1,1
G_m7,2,-1,1,1,3,2,2,0,1,1,4,2,3
G_m7,3,-1,3,1,3,1,3,0,2,1,3,1,4
G_m7,4,1,1,3,1,2,1,1,1,3,1,2,1
G_m7,5,1,3,1,1,4,1,0,0,0,0,0,0
G_m7,6,-1,-1,1,4,2,3,0,0,0,0,0,0
G_m7,7,-1,1,3,1,2,1,0,0,0,0,0,0
G_m7,8,2,-1,3,3,-1,-1,0,0,0,0,0,0
G_m7,9,2,-1,3,3,3,-1,0,0,0,0,0,0
G_m7,10,-1,2,1,3,4,-1,0,0,0,0,0,0
G_m7,11,2,-1,-1,3,4,1,0,0,0,0,0,0
G_m7b5,1,3,-1,-1,3,2,1,3,0,0,4,2,1
G_m7b5,2,3,-1,3,3,2,-1,2,0,3,4,1,0
G_m7b5,3,-1,-1,1,2,2,2,0,0,1,2,2,2
G_m7b5,4,-1,1,2,1,2,-1,0,1,3,2,4,0
G_m9,1,3,0,0,3,3,1,2,0,0,3,4,1
G_m9,2,1,3,1,1,1,3,1,3,1,1,1,4
G_m9,3,-1,-1,2,0,1,1,0,0,2,0,1,1
G_m9,4,-1,3,1,3,3,3,0,2,1,3,4,4
G_m9,5,3,1,4,2,-1,-1,0,0,0,0,0,0
G_m9,6,1,3,1,1,1,4,0,0,0,0,0,0
G_m9,7,-1,2,1,3,4,-1,0,0,0,0,0,0
G_m9,8,2,-1,3,3,3,4,0,0,0,0,0,0
G_m69,1,3,1,0,2,3,0,3,1,0,2,4,0
G_m69,2,-1,3,3,1,3,3,0,2,2,1,3,4
G_m69,3,2,1,1,3,1,1,2,1,1,3,1,1
G_m69,4,-1,3,1,2,3,3,0,3,1,2,4,4
G_m11,1,3,-1,3,3,1,-1,2,0,3,4,1,0
G_m11,2,1,1,1,1,1,3,1,1,1,1,1,4
G_m11,3,-1,-1,1,1,3,3,0,0,1,1,2,3
G_m11,4,-1,3,1,3,3,1,0,2,1,3,4,1
G_m11,5,2,-1,3,4,1,-1,0,0,0,0,0,0
G_m11,6,-1,1,1,1,2,4,0,0,0,0,0,0
G_m11,7,-1,1,1,1,2,1,0,0,0,0,0,0
G_m11,8,-1,-1,2,3,1,-1,0,0,0,0,0,0
G_m11,9,-1,2,1,3,4,1,0,0,0,0,0,0
G_mmaj7,1,3,1,0,0,3,2,3,1,0,0,4,2
G_mmaj7,2,1,3,2,1,1,1,1,3,2,1,1,1
G_mmaj7,3,-1,1,1,3,3,2,0,1,1,3,4,2
G_mmaj7,4,-1,1,3,2,2,1,0,1,4,2,3,1
G_mmaj7b5,1,3,4,4,3,-1,3,1,2,3,1,0,1
G_mmaj7b5,2,-1,-1,1,2,3,2,0,0,1,2,4,3
G_mmaj7b5,3,1,2,3,3,3,-1,1,2,3,3,3,0
G_mmaj7b5,4,-1,1,2,2,2,-1,0,1,2,3,4,0
G_mmaj9,1,3,0,0,3,3,2,2,0,0,3,4,1
G_mmaj9,2,1,3,2,1,1,3,1,3,2,1,1,4
G_mmaj9,3,-1,-1,2,0,2,1,0,0,2,0,3,1
G_mmaj9,4,-1,3,1,4,3,-1,0,2,1,4,3,0
G_mmaj9,5,-1,-1,2,1,1,4,0,0,0,0,0,0
G_mmaj11,1,1,1,2,1,1,3,1,1,2,1,1,4
G_mmaj11,2,-1,1,1,1,3,2,0,1,1,1,3,2
G_mmaj11,3,-1,3,1,4,3,1,0,2,1,4,3,1
G_mmaj11,4,1,1,1,2,2,1,1,1,1,2,3,1
G_add9,1,3,0,0,2,0,3,2,0,0,1,0,3
G_add9,2,-1,-1,3,2,1,4,0,0,3,2,1,4
G_add9,3,-1,4,3,1,4,1,0,3,2,1,4,1
G_add9,4,-1,2,1,0,2,2,0,2,1,0,3,4
G_add9,5,2,-1,0,1,0,-1,0,0,0,0,0,0
G_madd9,1,3,1,0,2,3,3,3,1,0,2,4,4
G_madd9,2,-1,-1,3,1,1,3,0,0,3,1,1,4
G_madd9,3,-1,-1,2,0,3,1,0,0,2,0,3,1
G_madd9,4,-1,4,2,1,4,-1,0,3,2,1,4,0
G_/F#,1,2,2,0,0,0,3,1,2,0,0,0,3
G_/F#,2,2,2,0,0,3,3,1,2,0,0,3,4
G_/F#,3,-1,-1,4,4,3,3,0,0,2,3,1,1
G_/B,1,-1,2,0,0,3,3,0,1,0,0,2,3
G_/B,2,-1,2,0,0,0,3,0,1,0,0,0,2
G_/B,3,-1,1,4,3,2,2,0,1,4,3,2,2
G_/D,1,-1,-1,0,0,0,3,0,0,0,0,0,1
G_/D,2,-1,3,3,2,1,1,0,3,4,2,1,1
G_/D,3,-1,1,1,3,4,3,0,1,1,3,4,3
G_/E,1,0,2,0,0,3,3,0,1,0,0,2,3
G_/E,2,0,2,0,0,0,3,0,1,0,0,0,2
G_/E,3,-1,-1,2,4,3,3,0,0,1,4,2,3
G_/F,1,1,2,0,0,3,3,1,2,0,0,3,4
G_/F,2,1,2,0,0,0,3,1,2,0,0,0,3
G_/F,3,-1,-1,3,4,3,3,0,0,1,2,1,1
Gsharp_13,1,3,-1,4,2,1,1,0,0,0,0,0,0
Gsharp_13,2,1,-1,1,2,3,4,0,0,0,0,0,0
Gsharp_13,3,-1,2,1,3,3,4,0,0,0,0,0,0
Gsharp_13,4,1,-1,2,3,4,-1,0,0,0,0,0,0
Gsharp_13,5,-1,-1,1,3,3,4,0,0,0,0,0,0
Gsharp_7#9,1,2,1,3,3,3,3,0,0,0,0,0,0
Gsharp_7#9,2,1,3,1,2,1,4,0,0,0,0,0,0
Gsharp_7#9,3,-1,2,1,3,4,-1,0,0,0,0,0,0
Gsharp_9,1,-1,1,3,2,4,-1,0,0,0,0,0,0
Gsharp_9,2,-1,-1,2,1,3,4,0,0,0,0,0,0
Gsharp_9,3,-1,2,1,3,4,-1,0,0,0,0,0,0
Gsharp_9b5,1,2,1,3,1,1,4,0,0,0,0,0,0
Gsharp_9b5,2,-1,-1,1,2,3,1,0,0,0,0,0,0
Gsharp_9b5,3,1,2,1,3,4,1,0,0,0,0,0,0
Gsharp_7,1,-1,-1,1,1,1,2,0,0,0,0,0,0
Gsharp_7,2,1,3,1,2,4,1,0,0,0,0,0,0
Gsharp_7,3,-1,1,3,1,4,1,0,0,0,0,0,0
Gsharp_7,4,1,3,1,2,1,1,0,0,0,0,0,0
Gsharp_7,5,-1,-1,-1,2,1,3,0,0,0,0,0,0
Gsharp_7,6,1,-1,2,3,-1,-1,0,0,0,0,0,0
Gsharp_7,7,-1,2,1,3,-1,-1,0,0,0,0,0,0
Gsharp_7,8,-1,-1,1,3,2,4,0,0,0,0,0,0
Gsharp_7,9,1,3,-1,2,4,-1,0,0,0,0,0,0
Gsharp_7,10,-1,-1,1,2,1,1,0,0,0,0,0,0
Gsharp_7,11,-1,-1,2,3,1,4,0,0,0,0,0,0
Gsharp_7,12,1,3,1,2,4,-1,0,0,0,0,0,0
Gsharp_dim7,1,2,4,1,3,-1,-1,0,0,0,0,0,0
Gsharp_dim7,2,-1,2,3,1,4,-1,0,0,0,0,0,0
Gsharp_dim7,3,-1,-1,1,3,2,4,0,0,0,0,0,0
Gsharp_dim7,4,2,-1,1,3,1,-1,0,0,0,0,0,0
Gsharp_dim7,5,-1,-1,-1,2,1,3,0,0,0,0,0,0
Gsharp_dim7,6,3,-1,1,4,2,-1,0,0,0,0,0,0
Gsharp_aug,1,-1,3,2,1,1,-1,0,0,0,0,0,0
Gsharp_aug,2,4,3,2,1,-1,-1,0,0,0,0,0,0
Gsharp_aug,3,-1,-1,4,2,3,1,0,0,0,0,0,0
Gsharp_major,1,-1,-1,1,1,1,4,0,0,0,0,0,0
Gsharp_major,2,1,3,4,2,1,1,0,0,0,0,0,0
Gsharp_major,3,-1,4,3,1,2,1,0,0,0,0,0,0
Gsharp_major,4,-1,3,1,1,1,-1,0,0,0,0,0,0
Gsharp_major,5,4,-1,1,1,1,-1,0,0,0,0,0,0
Gsharp_major,6,-1,1,4,3,2,-1,0,0,0,0,0,0
Gsharp_major,7,-1,1,4,4,4,-1,0,0,0,0,0,0
Gsharp_major,8,1,-1,3,1,2,-1,0,0,0,0,0,0
Gsharp_major,9,-1,-1,3,2,1,1,0,0,0,0,0,0
Gsharp_major,10,-1,-1,-1,3,4,1,0,0,0,0,0,0
Gsharp_major,11,-1,-1,1,1,1,-1,0,0,0,0,0,0
Gsharp_major,12,1,3,4,2,-1,-1,0,0,0,0,0,0
Gsharp_major,13,-1,4,3,1,-1,-1,0,0,0,0,0,0
Gsharp_major,14,-1,3,4,2,1,-1,0,0,0,0,0,0
Gsharp_major,15,1,-1,-1,2,1,1,0,0,0,0,0,0
Gsharp_major,16,2,1,-1,-1,-1,-1,0,0,0,0,0,0
Gsharp_major,17,-1,3,4,2,1,1,0,0,0,0,0,0
Gsharp_major,18,3,-1,1,4,-1,-1,0,0,0,0,0,0
Gsharp_major,19,-1,1,2,3,4,1,0,0,0,0,0,0
Gsharp_11,1,3,-1,4,2,1,1,0,0,0,0,0,0
Gsharp_11,2,-1,-1,1,1,2,1,0,0,0,0,0,0
Gsharp_11,3,-1,1,1,1,1,1,0,0,0,0,0,0
Gsharp_maj9,1,2,1,4,1,3,-1,0,0,0,0,0,0
Gsharp_maj9,2,-1,-1,4,1,2,1,0,0,0,0,0,0
Gsharp_maj9,3,-1,2,1,4,3,-1,0,0,0,0,0,0
Gsharp_m11,1,2,-1,3,4,1,-1,0,0,0,0,0,0
Gsharp_m7b5,1,2,-1,3,4,1,-1,0,0,0,0,0,0
Gsharp_minor,1,1,3,4,1,1,1,0,0,0,0,0,0
Gsharp_minor,2,-1,-1,1,3,4,2,0,0,0,0,0,0
Gsharp_minor,3,-1,1,3,4,2,1,0,0,0,0,0,0
Gsharp_minor,4,-1,3,4,1,1,-1,0,0,0,0,0,0
Gsharp_minor,5,1,4,-1,2,-1,-1,0,0,0,0,0,0
Gsharp_minor,6,3,1,-1,-1,-1,-1,0,0,0,0,0,0
Gsharp_minor,7,1,3,4,1,1,-1,0,0,0,0,0,0
Gsharp_minor,8,-1,3,-1,1,1,-1,0,0,0,0,0,0
Gsharp_7b5,1,-1,-1,2,4,1,3,0,0,0,0,0,0
Gsharp_7b5,2,1,3,2,4,-1,-1,0,0,0,0,0,0
Gsharp_7b5,3,-1,-1,1,2,3,4,0,0,0,0,0,0
Gsharp_m7,1,1,3,1,1,4,1,0,0,0,0,0,0
Gsharp_m7,2,-1,-1,1,4,2,3,0,0,0,0,0,0
Gsharp_m7,3,-1,1,3,1,2,1,0,0,0,0,0,0
Gsharp_m7,4,2,-1,3,3,3,-1,0,0,0,0,0,0
Gsharp_m7,5,1,3,1,1,1,4,0,0,0,0,0,0
Gsharp_m7,6,2,1,3,4,0,-1,0,0,0,0,0,0
Gsharp_m7,7,2,-1,3,4,-1,-1,0,0,0,0,0,0
Gsharp_m7,8,-1,2,1,3,4,-1,0,0,0,0,0,0
Gsharp_m7,9,1,3,1,1,1,1,0,0,0,0,0,0
Gsharp_m7,10,1,3,1,1,1,-1,0,0,0,0,0,0
Gsharp_dim,1,-1,-1,4,3,1,2,0,0,0,0,0,0
Gsharp_dim,2,1,2,4,1,-1,-1,0,0,0,0,0,0
Gsharp_dim,3,-1,1,2,4,3,-1,0,0,0,0,0,0
Gsharp_dim,4,-1,-1,3,1,4,-1,0,0,0,0,0,0
Gsharp_dim,5,-1,-1,-1,2,1,3,0,0,0,0,0,0
Gsharp_dim,6,2,-1,-1,3,1,-1,0,0,0,0,0,0
Gsharp_dim,7,-1,-1,-1,3,2,1,0,0,0,0,0,0
Gsharp_6,1,-1,-1,1,1,1,1,0,0,0,0,0,0
Gsharp_6,2,1,-1,3,2,4,1,0,0,0,0,0,0
Gsharp_6,3,-1,4,2,3,1,-1,0,0,0,0,0,0
Gsharp_6,4,-1,-1,3,2,4,1,0,0,0,0,0,0
Gsharp_6,5,2,-1,1,4,-1,-1,0,0,0,0,0,0
Gsharp_6,6,1,-1,-1,3,4,-1,0,0,0,0,0,0
Gsharp_6,7,-1,-1,1,3,1,4,0,0,0,0,0,0
Gsharp_aug7,1,1,-1,1,2,3,1,0,0,0,0,0,0
Gsharp_aug7,2,-1,1,2,1,1,-1,0,0,0,0,0,0
Gsharp_aug7,3,-1,1,4,1,3,2,0,0,0,0,0,0
Gsharp_aug7,4,1,-1,2,3,4,-1,0,0,0,0,0,0
Gsharp_aug7,5,-1,-1,1,2,3,1,0,0,0,0,0,0
Gsharp_7sus4,1,-1,-1,1,1,2,3,0,0,0,0,0,0
Gsharp_7sus4,2,1,3,1,4,1,1,0,0,0,0,0,0
Gsharp_7sus4,3,-1,-1,1,3,2,4,0,0,0,0,0,0
Gsharp_7sus4,4,4,-1,1,3,2,-1,0,0,0,0,0,0
Gsharp_maj7,1,-1,-1,4,3,2,1,0,0,0,0,0,0
Gsharp_maj7,2,1,4,2,3,1,-1,0,0,0,0,0,0
Gsharp_maj7,3,-1,4,3,1,1,1,0,0,0,0,0,0
Gsharp_maj7,4,2,1,4,0,-1,-1,0,0,0,0,0,0
Gsharp_maj7,5,1,-1,3,4,2,-1,0,0,0,0,0,0
Gsharp_maj7,6,-1,1,-1,-1,2,4,0,0,0,0,0,0
Gsharp_maj7,7,-1,-1,-1,1,1,1,0,0,0,0,0,0
Gsharp_maj7,8,-1,-1,-1,3,2,1,0,0,0,0,0,0
Gsharp_maj7,9,-1,-1,-1,2,4,1,0,0,0,0,0,0
Gsharp_maj7,10,-1,3,2,0,1,-1,0,0,0,0,0,0
Gsharp_maj7,11,1,-1,2,3,-1,-1,0,0,0,0,0,0
Gsharp_maj7,12,-1,2,-1,0,1,4,0,0,0,0,0,0
Gsharp_maj7,13,2,-1,3,4,2,1,0,0,0,0,0,0
Gsharp_maj7,14,-1,-1,1,3,3,3,0,0,0,0,0,0
Gsharp_5,1,1,3,-1,-1,-1,-1,0,0,0,0,0,0
Gsharp_5,2,1,3,4,-1,-1,-1,0,0,0,0,0,0
Gsharp_5,3,-1,1,3,-1,-1,-1,0,0,0,0,0,0
Gsharp_5,4,-1,1,1,-1,-1,-1,0,0,0,0,0,0
Gsharp_5,5,-1,1,3,4,-1,-1,0,0,0,0,0,0
Gsharp_9#11,1,-1,1,3,2,-1,-1,0,0,0,0,0,0
Gsharp_9#11,2,2,-1,3,4,1,-1,0,0,0,0,0,0
Gsharp_9#11,3,1,-1,1,4,-1,-1,0,0,0,0,0,0
Gsharp_m6,1,-1,-1,1,2,0,3,0,0,0,0,0,0
Gsharp_m6,2,1,-1,3,1,4,1,0,0,0,0,0,0
Gsharp_m6,3,-1,3,1,2,1,-1,0,0,0,0,0,0
Gsharp_m6,4,2,-1,1,3,3,3,0,0,0,0,0,0
Gsharp_7b9,1,3,2,4,1,-1,-1,0,0,0,0,0,0
Gsharp_7b9,2,1,-1,1,2,1,3,0,0,0,0,0,0
Gsharp_7b9,3,-1,2,1,3,1,-1,0,0,0,0,0,0
Gsharp_m9,1,1,3,1,1,1,4,0,0,0,0,0,0
Gsharp_m9,2,-1,-1,2,1,4,3,0,0,0,0,0,0
Gsharp_m9,3,-1,2,1,3,4,-1,0,0,0,0,0,0
Gsharp_m9,4,2,-1,3,1,0,4,0,0,0,0,0,0
Gsharp_sus4,1,-1,-1,1,1,2,4,0,0,0,0,0,0
Gsharp_sus4,2,1,1,3,4,1,1,0,0,0,0,0,0
Gsharp_sus4,3,-1,-1,1,2,3,4,0,0,0,0,0,0
Gsharp_sus4,4,1,-1,3,3,-1,-1,0,0,0,0,0,0
Gsharp_69,1,2,1,1,1,3,4,0,0,0,0,0,0
Gsharp_69,2,-1,-1,2,1,3,4,0,0,0,0,0,0
Gsharp_69,3,-1,2,1,1,3,4,0,0,0,0,0,0
Gsharp_maj13,1,2,1,1,1,3,1,0,0,0,0,0,0
Gsharp_maj13,2,1,-1,2,3,4,-1,0,0,0,0,0,0
Gsharp_maj13,3,2,-1,1,1,4,1,0,0,0,0,0,0
Gsharp_maj13,4,-1,1,1,1,2,1,0,0,0,0,0,0